cp,năm,kỳ,tài_sản_ngắn_hạn_đồng,tiền_và_tương_đương_tiền_đồng,giá_trị_thuần_đầu_tư_ngắn_hạn_đồng,các_khoản_phải_thu_ngắn_hạn_đồng,hàng_tồn_kho_ròng,tài_sản_lưu_động_khác,tài_sản_dài_hạn_đồng,phải_thu_về_cho_vay_dài_hạn_đồng,tài_sản_cố_định_đồng,giá_trị_ròng_tài_sản_đầu_tư,đầu_tư_dài_hạn_đồng,lợi_thế_thương_mại,tài_sản_dài_hạn_khác,tổng_cộng_tài_sản_đồng,nợ_phải_trả_đồng,nợ_ngắn_hạn_đồng,nợ_dài_hạn_đồng,vốn_chủ_sở_hữu_đồng,vốn_và_các_quỹ_đồng,các_quỹ_khác,lãi_chưa_phân_phối_đồng,vốn_ngân_sách_nhà_nước_và_quỹ_khác,lợi_ích_của_cổ_đông_thiểu_số,tổng_cộng_nguồn_vốn_đồng,trả_trước_cho_người_bán_ngắn_hạn_đồng,phải_thu_về_cho_vay_ngắn_hạn_đồng,hàng_tồn_kho_ròng_đồng,tài_sản_lưu_động_khác_đồng,quỹ_đầu_tư_và_phát_triển_đồng,cổ_phiếu_phổ_thông_đồng,vốn_góp_của_chủ_sở_hữu_đồng,trái_phiếu_chuyển_đổi_đồng,vay_và_nợ_thuê_tài_chính_dài_hạn_đồng,người_mua_trả_tiền_trước_ngắn_hạn_đồng,vay_và_nợ_thuê_tài_chính_ngắn_hạn_đồng,lợi_thế_thương_mại_đồng,trả_trước_dài_hạn_đồng,tài_sản_dài_hạn_khác_đồng,phải_thu_dài_hạn_khác_đồng,phải_thu_dài_hạn_đồng,symbol,extracted_at,source
VIC,2025,4,660924812000000,73526497000000,8253330000000,257058692000000,206993940000000,115092353000000,460532216000000,1546164000000,194150775000000,19714879000000,39623386000000,0,54401563000000,1121457028000000,970001804000000,592409830000000,377591974000000,151455224000000,151455224000000,15306530000000,55668366000000,0,2819223000000,1121457028000000,84801731000000,8438394000000,218339351000000,96636385000000,0,77060310000000,77334919000000,3081207000000,221434236000000,139356585000000,113955484000000,3955994000000,9249236000000,32104649000000,18864737000000,21114307000000,VIC,2026-02-10,VCI
VIC,2025,3,590641891000000,72150719000000,7918430000000,267274537000000,185624958000000,57673247000000,497228434000000,11892765000000,185370711000000,18934011000000,32709444000000,0,109926939000000,1087870325000000,925966426000000,557896380000000,368070046000000,161903899000000,161903899000000,15306530000000,52505390000000,0,16193864000000,1087870325000000,72962931000000,24092071000000,199871279000000,39384463000000,0,38530155000000,38804764000000,3411935000000,204805693000000,154865321000000,117122101000000,4097359000000,9212159000000,24743866000000,12733642000000,25550797000000,VIC,2026-02-10,VCI
VIC,2025,2,529134246000000,74759825000000,9592662000000,254128765000000,135055347000000,55597647000000,429101195000000,22880838000000,184762254000000,11603410000000,31399347000000,0,45416514000000,958235441000000,799543551000000,512360784000000,287182767000000,158691890000000,158691890000000,15306530000000,51052527000000,0,14336935000000,958235441000000,59998585000000,20180389000000,149377545000000,39184133000000,0,38236616000000,38785833000000,3806580000000,156309167000000,106640102000000,122630037000000,4238916000000,9225455000000,23026722000000,9701525000000,33675384000000,VIC,2026-02-10,VCI
VIC,2025,1,372183892000000,32491938000000,7480260000000,179643132000000,110814852000000,41753710000000,451086356000000,29615230000000,180969752000000,12770851000000,26832752000000,0,25912728000000,823270248000000,665817661000000,440710635000000,225107026000000,157452587000000,157452587000000,15306530000000,51447113000000,0,13026603000000,823270248000000,52193588000000,512206000000,124925405000000,27803173000000,0,38236616000000,38785833000000,3720189000000,149589087000000,90162798000000,98216347000000,4378934000000,8468210000000,19407044000000,58258943000000,89374815000000,VIC,2026-02-10,VCI
VIC,2024,4,396479911000000,42582366000000,8718884000000,190046565000000,114090183000000,41041913000000,440123992000000,23359127000000,182943333000000,13033418000000,27060860000000,0,21164104000000,836603903000000,682769422000000,505292040000000,177477382000000,153834481000000,153834481000000,15306530000000,44468350000000,0,16437647000000,836603903000000,40937213000000,1478525000000,127068459000000,25937361000000,0,38236616000000,38785833000000,3688998000000,129041914000000,138374890000000,95189145000000,4517414000000,8641393000000,19388427000000,57573484000000,82564248000000,VIC,2026-02-10,VCI
VIC,2024,3,423990500000000,27040242000000,6424590000000,217470663000000,128229866000000,44825139000000,367483444000000,2854876000000,186833298000000,15067665000000,23657660000000,0,17246291000000,791473944000000,627217065000000,470411783000000,156805282000000,164256879000000,164256879000000,15306530000000,41791856000000,0,29427206000000,791473944000000,38449157000000,10684528000000,139923090000000,29946013000000,0,38236616000000,38785833000000,3600189000000,115120855000000,97033850000000,96768964000000,1660480000000,7821923000000,16092357000000,11375130000000,15381144000000,VIC,2026-02-10,VCI
VIC,2024,2,351053988000000,28565428000000,4219258000000,168284080000000,106890810000000,43094412000000,371076200000000,15415355000000,184376245000000,16709756000000,30220404000000,0,12358292000000,722130188000000,559830905000000,414505239000000,145325666000000,162299283000000,162299283000000,15306530000000,36489289000000,0,32722567000000,722130188000000,36456365000000,2186313000000,118493519000000,28812013000000,0,38236616000000,38785833000000,0,111176545000000,69213109000000,110794386000000,1714600000000,7761315000000,16926510000000,11418442000000,27769220000000,VIC,2026-02-10,VCI
VIC,2024,1,350049998000000,26653084000000,4416936000000,177746167000000,99346636000000,41887175000000,343898795000000,2414656000000,175829606000000,15899295000000,33296747000000,0,9754046000000,693948793000000,536196058000000,394383059000000,141812999000000,157752735000000,157752735000000,15306530000000,36490377000000,0,27382060000000,693948793000000,37812849000000,11170022000000,109769644000000,28812013000000,0,38236616000000,38785833000000,0,106799696000000,52093288000000,119716720000000,403879000000,6243034000000,23947574000000,7833580000000,10997880000000,VIC,2026-02-10,VCI
VIC,2023,4,342609157000000,29289535000000,5671500000000,165398901000000,92730270000000,49518951000000,327007916000000,1147876000000,159594207000000,38210694000000,15252380000000,0,10246711000000,669617073000000,521595497000000,386669534000000,134925963000000,148021576000000,148021576000000,22021072000000,21809007000000,0,26468350000000,669617073000000,34411258000000,7637650000000,102504620000000,35843634000000,0,38236616000000,38785833000000,0,98789828000000,44000286000000,114522806000000,492625000000,5566420000000,13892460000000,5953109000000,7829676000000,VIC,2026-02-10,VCI
VIC,2023,3,298026710000000,16882015000000,7369738000000,152023108000000,83672447000000,38079402000000,327360635000000,518826000000,147864388000000,39451116000000,11014438000000,0,10104960000000,625387345000000,478444829000000,344773342000000,133671487000000,146942516000000,146942516000000,22020365000000,23428624000000,0,24077179000000,625387345000000,36512248000000,9426913000000,91859083000000,25299696000000,0,38139356000000,38688573000000,0,98292858000000,46585028000000,95183876000000,571009000000,6366189000000,9627698000000,6312876000000,7416267000000,VIC,2026-02-10,VCI
VIC,2023,2,279229101000000,18445846000000,4919214000000,144449651000000,84742609000000,26671781000000,319948038000000,5818300000000,143635620000000,39780799000000,10657937000000,0,10148849000000,599177139000000,461474523000000,338939145000000,122535378000000,137702616000000,137702616000000,18481872000000,17279082000000,0,24708835000000,599177139000000,34245504000000,4723802000000,92250092000000,14865254000000,0,38139356000000,38688573000000,9892369000000,89096108000000,60718449000000,86955653000000,636024000000,6362514000000,9250972000000,6194244000000,14153728000000,VIC,2026-02-10,VCI
VIC,2023,1,291950102000000,17449584000000,7151127000000,149222786000000,91911380000000,26215225000000,304927080000000,2491207000000,135367481000000,39607843000000,10228952000000,0,9571811000000,596877182000000,460565227000000,316175727000000,144389500000000,136311955000000,136311955000000,18481872000000,15463409000000,0,25048317000000,596877182000000,38536483000000,8104630000000,99659336000000,14268865000000,0,38139356000000,38688573000000,9826651000000,114346529000000,69296654000000,64421582000000,700469000000,6287383000000,9246752000000,5770239000000,10051662000000,VIC,2026-02-10,VCI
VIC,2022,4,272222529000000,26209213000000,4367612000000,117446829000000,98527655000000,25671220000000,302584761000000,2486207000000,122908696000000,38400267000000,11170860000000,0,8920254000000,574807290000000,439194193000000,296551641000000,142642552000000,135613097000000,135613097000000,18481872000000,14009307000000,0,25915402000000,574807290000000,38926568000000,8257466000000,103707060000000,13300057000000,0,38139356000000,38688573000000,9866970000000,120091950000000,74825233000000,48068184000000,764567000000,5642485000000,10707516000000,645829000000,10020595000000,VIC,2026-02-10,VCI
VIC,2022,3,269408836000000,26449568000000,2196725000000,129462314000000,85750571000000,25549658000000,286162181000000,760000000000,114594496000000,39287565000000,10535545000000,0,8553436000000,555571017000000,418345604000000,286327011000000,132018593000000,137225413000000,137225413000000,18481872000000,14947729000000,0,26462392000000,555571017000000,44267122000000,16414064000000,91632929000000,13998301000000,0,38139356000000,38688573000000,9975926000000,109703346000000,72443004000000,62819714000000,848710000000,5204514000000,10244970000000,578058000000,8226617000000,VIC,2026-02-10,VCI
VIC,2022,2,257499676000000,42208684000000,6096584000000,104422003000000,80978106000000,23794299000000,271458225000000,1000000000,113397188000000,39659054000000,10523548000000,0,8499494000000,528957901000000,396914172000000,264119744000000,132794428000000,132043729000000,132043729000000,18481872000000,9873003000000,0,26380160000000,528957901000000,37192055000000,15694064000000,85863413000000,13998311000000,0,38139356000000,38688573000000,9714070000000,110949499000000,62718522000000,45924301000000,958706000000,5209615000000,10200737000000,426196000000,7393553000000,VIC,2026-02-10,VCI
VIC,2022,1,169506762000000,15241944000000,3648828000000,83585995000000,52375294000000,14654701000000,271859761000000,840000000000,127068186000000,38162022000000,10313117000000,0,7481974000000,441366523000000,306808076000000,148450387000000,158357689000000,134558447000000,134558447000000,18481872000000,6487625000000,0,32215228000000,441366523000000,30163319000000,13892113000000,54514850000000,5881540000000,0,38139356000000,38688573000000,9518301000000,109348630000000,18973690000000,30199211000000,1036814000000,5370221000000,9305815000000,555175000000,1395175000000,VIC,2026-02-10,VCI
VIC,2021,4,163350836000000,19653270000000,6758243000000,74342928000000,50910386000000,11686009000000,263973098000000,455249000000,130455105000000,35128444000000,9151771000000,0,8334919000000,427323934000000,268177346000000,144444929000000,123732417000000,159146588000000,159146588000000,18481872000000,3897264000000,0,59500115000000,427323934000000,21767291000000,14824123000000,53074286000000,2895599000000,0,38052148000000,38675533000000,9550120000000,102180175000000,22352075000000,20035038000000,1859464000000,5806361000000,8831485000000,143707000000,598956000000,VIC,2026-02-10,VCI
VIC,2021,3,180400355000000,21262502000000,7601808000000,83792891000000,55382094000000,12361060000000,253202280000000,713250000000,123390828000000,34584614000000,7264511000000,0,10432560000000,433602635000000,269305555000000,148238154000000,121067401000000,164297080000000,164297080000000,18481872000000,3670170000000,0,64865034000000,433602635000000,20028857000000,14583666000000,57978250000000,3671599000000,0,38052148000000,38675533000000,9529823000000,102280509000000,29008286000000,26628727000000,2036798000000,7256790000000,6852073000000,357177000000,1070427000000,VIC,2026-02-10,VCI
VIC,2021,2,167653553000000,23302535000000,10327516000000,64858568000000,56696855000000,12468079000000,251294495000000,2580500000000,126706848000000,34349500000000,7126676000000,0,10598792000000,418948048000000,274560500000000,159335062000000,115225438000000,144387548000000,144387548000000,7235206000000,8881396000000,0,55154462000000,418948048000000,18101577000000,12882666000000,58901807000000,4320808000000,0,33824306000000,34447691000000,0,105405709000000,37293446000000,32767397000000,2229284000000,7082575000000,6702715000000,357711000000,2938211000000,VIC,2026-02-10,VCI
VIC,2021,1,162828936000000,23042288000000,5969254000000,59565070000000,62787770000000,11464554000000,257003769000000,5938500000000,125039799000000,34418773000000,7424927000000,0,12250583000000,419832705000000,280058250000000,162523560000000,117534690000000,139774455000000,139774455000000,7235206000000,6428726000000,0,58523318000000,419832705000000,17743218000000,7804268000000,64183158000000,3058624000000,0,33824306000000,34447691000000,5503265000000,98827099000000,34851877000000,34038016000000,2371491000000,7700159000000,6930517000000,1483208000000,7421708000000,VIC,2026-02-10,VCI
VIC,2020,4,164454221000000,28175943000000,11763511000000,55764939000000,57224825000000,11525003000000,259813564000000,6015000000000,125080437000000,34965684000000,7413792000000,0,13176930000000,424267785000000,288510783000000,174675122000000,113835661000000,135757002000000,135757002000000,7235206000000,4089007000000,0,56769798000000,424267785000000,18340419000000,8539910000000,58259220000000,3134972000000,0,33824306000000,34447691000000,5505646000000,98309224000000,37196791000000,26849120000000,2523804000000,8169982000000,4576668000000,1220669000000,7235669000000,VIC,2026-02-10,VCI
VIC,2020,3,182768718000000,30288635000000,4987739000000,58665039000000,72027916000000,16799389000000,247241896000000,5371000000000,120698373000000,33422672000000,13240747000000,0,10661691000000,430010614000000,305459007000000,183306409000000,122152598000000,124551607000000,124551607000000,7235206000000,7211234000000,0,42455716000000,430010614000000,16284325000000,10285997000000,73829548000000,8351044000000,0,33824306000000,34447691000000,5518344000000,107564345000000,44251546000000,30629236000000,1917072000000,6734036000000,9552258000000,1132227000000,6503227000000,VIC,2026-02-10,VCI
VIC,2020,2,185917400000000,26969148000000,870606000000,62466261000000,82724131000000,12887254000000,241266647000000,5385970000000,119489039000000,33207072000000,12450799000000,0,10191839000000,427184047000000,303486797000000,192732567000000,110754230000000,123697250000000,123697250000000,7235206000000,6305909000000,0,42509188000000,427184047000000,17507318000000,11148978000000,84917536000000,4487177000000,0,33824306000000,34447691000000,5516245000000,96280752000000,50315233000000,42123105000000,2094681000000,6646274000000,10361992000000,1027927000000,6413897000000,VIC,2026-02-10,VCI
VIC,2020,1,189221713000000,10999921000000,9483443000000,60437375000000,84452449000000,23848525000000,224391138000000,916620000000,114066902000000,33081926000000,5985927000000,0,10887494000000,413612851000000,291500509000000,189055700000000,102444809000000,122112342000000,122112342000000,7235206000000,2934433000000,0,44294382000000,413612851000000,17955010000000,16101377000000,86640801000000,13341952000000,0,33824306000000,34447691000000,10458341000000,83793105000000,52583702000000,42353364000000,2200462000000,7262442000000,3885538000000,249478000000,1166098000000,VIC,2026-02-10,VCI
VIC,2019,4,201493474000000,18488606000000,10419573000000,68076284000000,83273298000000,21235713000000,207079197000000,907650000000,108679270000000,33546796000000,4671124000000,0,10856808000000,408572671000000,287972083000000,183615768000000,104356315000000,120600588000000,120600588000000,7235206000000,7757874000000,0,44172327000000,408572671000000,19279650000000,21322039000000,85402745000000,12863952000000,0,33685755000000,34309140000000,10259215000000,86480517000000,52381513000000,31044532000000,2181810000000,6985630000000,1706242000000,235398000000,1143048000000,VIC,2026-02-10,VCI
VIC,2019,3,166285993086361,16526657094574,879925574841,64302652242636,77341470740345,7235287433965,190873242790586,66650000000,79447014055939,28693657790892,4673236225345,0,13547979543319,357159235876947,231751079032904,151188430465008,80562648567896,125408156844043,125408156844043,7235205990828,5127322914526,0,48489593133905,357159235876947,27254170150508,17493009106330,78174972209679,1008827875074,0,33459353890000,34299353890000,10264070778943,63037914450280,38194446764944,33803461524653,3602660255910,8113489640498,1512615516552,352863734772,419513734772,VIC,2026-02-10,VCI
VIC,2019,2,163522165245209,23549297107100,1050958199431,73341336346951,49297331550115,16283242041612,174833726505225,66650000000,79081862102633,28258662091257,5420768174178,0,14542221345268,338355891750434,212134512079406,125574372939809,86560139139597,126221379671028,126221379671028,7235205990828,8653759536817,0,45745621291964,338355891750434,25971950378443,4645509106330,50062459254646,11402586412830,0,33459353890000,34299353890000,10284997394987,68906450232545,28190817616758,23112984974306,3778001076205,7538961288394,1749917700319,403756044968,470406044968,VIC,2026-02-10,VCI
VIC,2019,1,153900473523258,7441890315078,1845851929698,78463042610957,55827435337602,10322253329923,160225180193050,55000000000,50921653119491,25895578408415,6122513102924,0,12851270082019,314125653716308,211752772145368,123932777511927,87819994633441,102372881570940,102372881570940,7235205990828,6468691109246,0,47416312629152,314125653716308,31610113339576,4346524106330,56032008069399,5072422882128,0,31916212300000,32756212300000,10225743672677,69906218241843,32666396275187,22197134376642,4394384756670,5547372654217,1612138347237,292031334399,347031334399,VIC,2026-02-10,VCI
VIC,2018,4,132457316789570,13558510960848,1951597849480,48316265888486,53205960623623,15424981467133,156647779954035,4505000000000,47270468873063,28880200692994,6090552704984,0,10076131934724,289105096743605,190046044262483,110666924217531,79379120044952,99059052481122,99059052481122,7235205990828,4824798066710,0,45732014278946,289105096743605,19386853427592,627857439663,54113514894337,9610317572378,0,31916212300000,32756212300000,0,71976376885859,24728293712406,19115963139737,4125582972589,4403729161547,1594869498288,401359857879,4906359857879,VIC,2026-02-10,VCI
VIC,2018,3,128742276570646,15942086048860,1446121558696,55351270040756,45116873727956,10885925194378,139487875565474,58257497661,42870071167861,24590711488372,5844089740687,0,9698165067647,268230152136120,170119841630437,109882411951061,60237429679376,98110310505683,98110310505683,0,11145637673211,0,46007390314122,268230152136120,24120358680296,4526787942002,45466226838882,4108918382878,0,31916212310000,32756212310000,0,54447659960983,37986989392796,15041352547118,4214222244537,4082734077959,1252793290919,361244302977,419501800638,VIC,2026-02-10,VCI
VIC,2018,2,114930874060944,13304249477986,1509574585629,34734901263518,54358066771256,11024081962555,134074190681397,58257497661,40611261933569,22986763373299,5847292616501,0,9414211830401,249005064742341,162018499271028,110781117437547,51237381833481,86986565471313,86986565471313,5539132760000,10190920117679,0,45160346845284,249005064742341,18754900136920,5541880368968,54606787730906,4812020220991,0,26377079540000,26377079540000,7317011298686,35677379574618,39250958158446,12112214999898,4400293888271,3396849517081,1303193293918,9186079066736,9244336564397,VIC,2026-02-10,VCI
VIC,2018,1,96804413963610,7547647471744,1184473692918,28041326092597,49944951289330,10086015417021,126833422271009,81725938515,37151260573825,20256331696351,5813061509252,0,18907160883818,223637836234619,164171128050630,124907596401023,39263531649607,59466708183989,59466708183989,0,7111134214920,0,26264408220719,223637836234619,12810631293464,5728839828536,50310572458397,4006282050378,0,26377079540000,26377079540000,0,31320449128443,49715616810735,23847580092618,4802297691844,3139697273599,1186193290918,298746205651,380472144166,VIC,2026-02-10,VCI
VIC,2017,4,100528907402875,8610503937845,203015859912,28978152968896,48615074256804,14122160379418,114326190623114,9257497663,35646902056243,17372961681177,6528162235221,0,8882272950130,214855098025989,162548919039784,124896668273191,37652250766593,52306178986205,52306178986205,0,5151847774308,0,21089872499982,214855098025989,10438753206842,7728268399963,48879371589513,8023966955293,0,26377079540000,26377079540000,0,31456562477905,56976376690771,17924743413096,5461583523561,3059312822219,2176054659423,469241005620,478498503283,VIC,2026-02-10,VCI
VIC,2017,3,100624617684472,6947208189094,300507409070,27652475974651,52179217204328,13545208907329,104313322252617,364400978855,29932578776239,17048800001885,5743347768912,0,10262099040044,204937939937089,155219857627641,114442105965023,40777751662618,49718082309448,49718082309448,0,1762487816387,0,22069350553690,204937939937089,9332803020483,7025192114249,52333290766785,7911691533588,0,26377079540000,26377079540000,0,34671898869703,60858054239594,11501639999569,7326763591379,2540948516606,2166246473235,411229711077,775630689932,VIC,2026-02-10,VCI
VIC,2017,2,93085693261025,9531328169866,88650535127,21594015620699,52372887201317,9498811734016,100676252819713,364400978855,28988806254170,16985051322578,5382959349475,0,11599844887415,193761946080738,150401707608165,112599254281753,37802453326412,43360238472573,43360238472573,0,860082549458,0,16435697186833,193761946080738,7707940752405,7108459038852,52531433075068,4227530001148,0,26377079540000,26377079540000,0,32779121080801,59164314080951,11327640756797,7632803865023,2502688228282,1935598636008,389492928956,753893907811,VIC,2026-02-10,VCI
VIC,2017,1,90043249067843,13699824350754,196569832758,17638753957935,50759812010281,7748288916115,97212463812450,1151326442901,26504026676894,17594839168449,4133827647117,0,10496777342960,187255712880293,144098188793320,102353099612649,41745089180671,43157524086973,43157524086973,0,298764254039,0,16918799515040,187255712880293,6235479702814,2873821386253,50841804103534,2138247489770,0,26377079540000,26377079540000,0,37982802980193,53135228215044,6798126803914,7953043395582,2218311091818,1820074455183,569472325332,1720798768233,VIC,2026-02-10,VCI
VIC,2016,4,70686264804718,9971285683831,494156904807,20887069777209,32045142734831,7288609704040,109119319302361,58989915115,25115925131602,18342385819490,3343675746991,0,11047883888429,179805584107079,135224264332172,97311503594905,37912760737267,44581319774907,44581319774907,0,446043742703,0,18196421207300,179805584107079,4814681595145,6228758638813,32133977525624,2860117449302,0,26377079540000,26377079540000,0,34157721480964,49514035931698,5379310813038,8482853940771,2306493560226,1610707431327,430246505512,489236420627,VIC,2026-02-10,VCI
VIC,2016,3,84004795434053,9653393353822,2984771571891,23107620255656,37731669124664,10527341128020,89229165809492,62559839164,23601509497846,15601371835646,7158821898909,0,9662412419309,173233961243545,131329367041259,83779893220821,47549473820438,41904594202286,41904594202286,0,164614443350,0,15833155964571,173233961243545,7487736810086,4100954022355,37870571415464,6447613667847,0,26377079540000,26377079540000,0,40276068681229,37829335485812,4484911311877,6635860335723,2835067079465,2151228934429,379957072671,442516911835,VIC,2026-02-10,VCI
VIC,2016,2,77943608451949,4871883290078,4621218612914,22641373254373,33629177612584,12179955682000,80221670191939,62559839165,23182763314476,15730377804379,12760210091207,0,9944627937265,158165278643888,113831187995559,72680858111232,41150329884327,44334090648329,44334090648329,0,490905094914,0,17936361759049,158165278643888,5390752134088,1589836789906,33758350871681,9075116281524,0,21532347920000,21532347920000,0,33939516448303,27128685866120,4874520126530,6887949205101,2848180292565,1894215762285,381599532937,444159372102,VIC,2026-02-10,VCI
VIC,2016,1,68546488948872,4680600576496,11011925902250,16299192326596,25331360593221,11223409550309,80375326524623,62559839165,21109246822305,17008072304104,10124482872815,0,12853162309716,148921815473495,107942531883962,64876114429936,43066417454026,40979283589533,40979283589533,0,2147791783204,0,15074352040207,148921815473495,7161917441983,2378999412802,25418871450575,8843173231654,0,19398548510000,19398548510000,0,36382485645320,20483274692981,3030850793969,8285217876950,1415124983620,3487165993681,426385396636,488945235801,VIC,2026-02-10,VCI
VIC,2015,4,66451288511822,7636578798711,10430239506903,13582321848787,26966061377808,7836086979613,79605423726007,62559839165,19702651975208,16810184034469,9698722572532,0,14616108141179,146056712237829,108603013144392,65390435906565,43212577237827,37453699093437,37453699093437,0,1378413815347,0,14543739126179,146056712237829,7258270074222,1763123912802,27024539524263,5667667304518,0,18681880870000,18681880870000,2382401760582,33176402695829,20975224126168,1400131037786,8605119027116,1755850963522,2882019433681,172877151099,234387981893,VIC,2026-02-10,VCI
VIC,2015,3,60726434232996,9895961264635,6268383881368,11091890342245,22485171401773,10985027342975,65207518612774,935232629265,13470843722064,14401324227839,3057575434788,0,11474866129235,125933952845770,94313930401127,54497874353235,39816056047892,31620022444643,31620022444643,0,1372657437874,0,9424103804417,125933952845770,4512857352626,2181951122702,22596206849127,8045208458134,0,18460745440000,18460745440000,3098596321186,30363195706045,15976190294631,3207003937066,6123021271058,1155224791535,1841292443945,176006735859,1111239365124,VIC,2026-02-10,VCI
VIC,2015,2,49448999265017,8828151979168,7154438377626,8316655685168,20907211559470,4242541663585,61180641495896,935232629265,12641270104407,14308762720789,2913522829524,0,12109784122703,110629640760913,79887370754761,39736531002684,40150839752077,30742270006152,30742270006152,0,5062878845048,0,8947219363916,110629640760913,3436726794774,2181951122702,20995115932785,2971713182970,0,14587886850000,14587886850000,3340471852595,30832991161347,7364181270583,3712297179585,6049631373641,1177772715015,1813291443945,116616345772,1051848975037,VIC,2026-02-10,VCI
VIC,2015,1,38940060857274,5399732443220,6137593854939,6722103517329,16027037034619,4653594007167,57116785120954,0,25333116126273,15586575219083,2851617470807,6014325131875,6196293050770,96056845978228,68107005347903,29085410242695,39021595105208,20828022444257,20828022444257,0,4652016273745,0,0,96056845978228,2613591460140,0,16113425265922,3867224188710,22845114930,14545550980000,14545550980000,0,32411832544961,5857714276686,3713895293411,0,1126024428532,1813191443945,1134858122146,1134858122146,VIC,2026-02-10,VCI
VIC,2014,4,31608846896530,7607513719673,6320171238968,2935913960384,11880287767169,2864960210336,58874117535910,0,27055304966786,15412109589913,4797144342211,6142918452874,5466640184126,90482964432440,63205460292318,19724033191154,43481427101164,20416465789413,20416465789413,0,4240459618900,0,0,90482964432440,1279790537669,0,11935183432936,1980171789480,0,14545550980000,14545550980000,0,32014819167101,6315231308535,1321194605718,0,1614089328827,3769649610841,0,0,VIC,2026-02-10,VCI
VIC,2014,3,36550263468338,5209108954978,7235314686306,4548163562289,13607211035291,5950465229474,46241674807211,0,21760091615152,14859073309138,3542468135179,4887476928394,1192564819348,82791938275549,55496405803121,18675297482344,36821108320777,18426424611027,18426424611027,0,3885576948082,0,0,82791938275549,2166475710228,0,13612624455291,5381930664710,0,14299574100000,14299574100000,0,29935405978219,7897538219504,1774522508624,0,1135916050022,2563629470812,0,0,VIC,2026-02-10,VCI
VIC,2014,2,42980597308088,6721056604833,6343541682038,4360459143521,15113687560623,10441852317073,41120387424323,0,15479146094710,16613350689150,3574905712045,4343600973631,1109383954787,84100984732411,60053993785075,25334333095147,34719660689928,17529274130658,17529274130658,0,9368573674599,0,0,84100984732411,1745518590559,0,15119100980623,10043517622681,0,9296385120000,9296385120000,0,28177693748351,10748134421469,4589317229193,0,1061436376854,2607062704599,0,0,VIC,2026-02-10,VCI
VIC,2014,1,40148556779479,8134099718214,6295009323855,3085495237156,16831365238900,5802587261354,38157816024068,0,15723347167042,13403131871710,3184593009108,4688955589269,1157788386939,78306372803547,57162449462163,23647758404558,33514691057605,15549593894476,15549593894476,0,8803605509494,0,0,78306372803547,1256263769228,0,16840303773247,5494359713788,0,9296385120000,9296385120000,0,26945016369843,13385758661471,3785525981021,0,1115758826964,2442233561481,0,0,VIC,2026-02-10,VCI
VIC,2013,4,37064962999598,7534048703295,5627408695820,6743895307006,15910267049224,1249343244253,37915380924173,0,14162574134312,13099658312013,4552095665414,4803912193646,1297140618788,74980343923771,56255152071513,21356173997596,34898978073917,17758824096352,17758824096352,3301163320000,7704433391370,0,0,74980343923771,1205236578116,0,15919205583571,888207902645,0,9296036790000,9296036790000,0,24360164494408,11856565285313,3023470785606,0,1253510264478,2725357458124,0,0,VIC,2026-02-10,VCI
VIC,2013,3,29979359131076,6269792833617,2327110874394,3509092573842,16660865204224,1212497644999,31601378069668,0,11270994515690,9303188330505,4980199915336,4914743004604,1132252303533,61580737200744,44878257785053,27006902612538,17871355172515,16398567573267,16398567573267,2829568560000,6882071828285,0,0,61580737200744,1616546687967,0,16669803738571,894643935530,0,9288068790000,9288068790000,0,17369312471254,18388900879823,2457528823792,0,1089702515397,4287536127079,0,0,VIC,2026-02-10,VCI
VIC,2013,2,31528576685563,2386537155551,3932751365965,3294891548516,19994105947377,1920290668154,27009581851557,0,13153121979638,4235107043027,3403332024304,5062212049391,1155808755197,58538158537120,43487131510245,25829828348309,17657303161936,14637821147073,14637821147073,0,5007365678008,0,0,58538158537120,1869705544468,0,20003044481724,1397704364174,0,9286327130000,9286327130000,0,17153571550333,18209706498626,1919175203719,0,1111976331575,1797313346647,0,0,VIC,2026-02-10,VCI
VIC,2013,1,31359745592337,4175172391881,1616386811709,3634656217361,19870376075499,2063154095887,27489280366662,0,11413043388497,6595132082243,3163614014112,5176406094178,1141084787632,58849025958999,47301714087216,29600327459084,17701386628132,10845724826082,10845724826082,0,1249529357017,0,0,58849025958999,1956607795820,0,19879314609846,1535155912187,0,9281450480000,9281450480000,0,17132806179885,18691813183076,6118400933620,0,1096715254403,1535550787227,0,0,VIC,2026-02-10,VCI
VIC,2008,2,4165811568897,550875285481,2876053338877,714250326732,16186359198,8446258609,1190711031161,0,440877819104,251809109298,206201245039,0,291822857720,5356522600058,3440824927924,382007105451,3058817822473,1800562014845,1800564064845,0,348436492345,-2050000,0,5356522600058,65136058265,0,16186359198,1456981967,36454000,1199831560000,1199831560000,0,3000000000000,158818100,0,0,193743827935,53154577033,0,0,VIC,2026-02-10,VCI
