time,open,high,low,close,volume,_symbol,_extracted_at,_source,symbol
2025-01-17,57.38,57.38,57.20,57.20,890720,VNM,2026-02-10,VCI,VNM
2025-01-20,57.20,57.38,56.83,57.10,1638012,VNM,2026-02-10,VCI,VNM
2025-01-21,57.20,57.29,56.83,57.01,1405722,VNM,2026-02-10,VCI,VNM
2025-01-22,57.20,57.20,56.83,56.83,1762572,VNM,2026-02-10,VCI,VNM
2025-01-23,56.83,57.47,56.83,57.20,1783676,VNM,2026-02-10,VCI,VNM
2025-01-24,57.10,57.66,57.01,57.38,1578694,VNM,2026-02-10,VCI,VNM
2025-02-03,57.38,57.38,55.81,55.81,7286722,VNM,2026-02-10,VCI,VNM
2025-02-04,55.91,56.18,55.35,55.54,7132840,VNM,2026-02-10,VCI,VNM
2025-02-05,55.72,56.74,55.72,56.74,3204519,VNM,2026-02-10,VCI,VNM
2025-02-06,56.74,56.83,55.81,56.00,3033470,VNM,2026-02-10,VCI,VNM
2025-02-07,56.00,56.46,55.91,56.09,2555237,VNM,2026-02-10,VCI,VNM
2025-02-10,56.46,56.46,55.91,55.91,2597063,VNM,2026-02-10,VCI,VNM
2025-02-11,55.91,56.00,55.44,55.72,3438061,VNM,2026-02-10,VCI,VNM
2025-02-12,55.91,56.27,55.81,56.27,2759083,VNM,2026-02-10,VCI,VNM
2025-02-13,56.27,56.27,55.72,56.00,2579334,VNM,2026-02-10,VCI,VNM
2025-02-14,56.00,56.00,55.63,55.63,6406440,VNM,2026-02-10,VCI,VNM
2025-02-17,55.72,55.91,55.35,55.35,3616591,VNM,2026-02-10,VCI,VNM
2025-02-18,55.72,55.81,55.35,55.63,2442358,VNM,2026-02-10,VCI,VNM
2025-02-19,55.63,56.18,55.63,56.09,3075728,VNM,2026-02-10,VCI,VNM
2025-02-20,56.18,56.18,55.91,56.00,2632849,VNM,2026-02-10,VCI,VNM
2025-02-21,56.09,57.29,55.91,56.64,4723060,VNM,2026-02-10,VCI,VNM
2025-02-24,56.83,58.95,56.83,58.86,11520294,VNM,2026-02-10,VCI,VNM
2025-02-25,59.04,59.04,57.75,58.03,3891802,VNM,2026-02-10,VCI,VNM
2025-02-26,58.12,58.49,58.03,58.21,3639672,VNM,2026-02-10,VCI,VNM
2025-02-27,58.30,58.30,57.38,57.38,3525626,VNM,2026-02-10,VCI,VNM
2025-02-28,57.47,58.30,57.38,57.38,4180628,VNM,2026-02-10,VCI,VNM
2025-03-03,57.94,58.30,57.47,58.30,3614305,VNM,2026-02-10,VCI,VNM
2025-03-04,58.30,58.86,58.03,58.58,6046776,VNM,2026-02-10,VCI,VNM
2025-03-05,58.67,58.67,57.84,57.84,2281264,VNM,2026-02-10,VCI,VNM
2025-03-06,57.84,58.03,57.38,58.03,3129517,VNM,2026-02-10,VCI,VNM
2025-03-07,58.03,58.12,57.57,57.84,2659929,VNM,2026-02-10,VCI,VNM
2025-03-10,58.12,58.12,57.66,57.66,2533190,VNM,2026-02-10,VCI,VNM
2025-03-11,57.47,57.66,57.29,57.57,2290854,VNM,2026-02-10,VCI,VNM
2025-03-12,57.66,57.94,57.38,57.38,2761535,VNM,2026-02-10,VCI,VNM
2025-03-13,57.47,58.03,57.10,57.20,5106563,VNM,2026-02-10,VCI,VNM
2025-03-14,57.57,57.84,57.29,57.29,2700423,VNM,2026-02-10,VCI,VNM
2025-03-17,57.57,58.49,57.57,58.12,4066437,VNM,2026-02-10,VCI,VNM
2025-03-18,58.21,58.21,57.66,57.66,3285983,VNM,2026-02-10,VCI,VNM
2025-03-19,57.84,57.94,57.10,57.47,3042976,VNM,2026-02-10,VCI,VNM
2025-03-20,57.38,57.38,56.55,57.01,3895453,VNM,2026-02-10,VCI,VNM
2025-03-21,57.01,57.01,56.46,56.55,3331858,VNM,2026-02-10,VCI,VNM
2025-03-24,56.64,57.20,56.37,56.64,2493893,VNM,2026-02-10,VCI,VNM
2025-03-25,56.92,56.92,56.46,56.64,2327043,VNM,2026-02-10,VCI,VNM
2025-03-26,56.74,57.10,56.46,56.46,1849811,VNM,2026-02-10,VCI,VNM
2025-03-27,56.46,56.74,56.37,56.37,2233560,VNM,2026-02-10,VCI,VNM
2025-03-28,56.27,56.37,55.54,55.63,5443940,VNM,2026-02-10,VCI,VNM
2025-03-31,56.09,56.83,55.91,55.91,5308209,VNM,2026-02-10,VCI,VNM
2025-04-01,56.46,56.46,55.63,56.09,3137933,VNM,2026-02-10,VCI,VNM
2025-04-02,56.00,56.64,55.81,55.81,4687947,VNM,2026-02-10,VCI,VNM
2025-04-03,54.89,54.98,51.94,52.12,16961756,VNM,2026-02-10,VCI,VNM
2025-04-04,49.82,54.24,49.63,53.97,9790843,VNM,2026-02-10,VCI,VNM
2025-04-08,52.31,52.49,50.28,50.28,13341671,VNM,2026-02-10,VCI,VNM
2025-04-09,47.42,50.92,47.42,47.97,9895364,VNM,2026-02-10,VCI,VNM
2025-04-10,51.29,51.29,51.29,51.29,1515755,VNM,2026-02-10,VCI,VNM
2025-04-11,51.29,53.88,51.29,53.05,9178387,VNM,2026-02-10,VCI,VNM
2025-04-14,53.41,53.41,52.12,52.49,5487359,VNM,2026-02-10,VCI,VNM
2025-04-15,52.31,53.05,51.94,51.94,4173838,VNM,2026-02-10,VCI,VNM
2025-04-16,52.03,52.77,51.66,51.66,3741175,VNM,2026-02-10,VCI,VNM
2025-04-17,51.20,52.22,50.55,51.66,7226501,VNM,2026-02-10,VCI,VNM
2025-04-18,52.31,52.86,52.22,52.22,3042348,VNM,2026-02-10,VCI,VNM
2025-04-21,52.40,52.68,52.12,52.31,3024998,VNM,2026-02-10,VCI,VNM
2025-04-22,52.22,52.22,49.72,51.66,6966814,VNM,2026-02-10,VCI,VNM
2025-04-23,52.40,52.86,52.03,52.03,3589382,VNM,2026-02-10,VCI,VNM
2025-04-24,52.12,52.40,51.85,51.94,1959766,VNM,2026-02-10,VCI,VNM
2025-04-25,52.12,53.78,52.12,53.78,8125834,VNM,2026-02-10,VCI,VNM
2025-04-28,53.78,53.78,53.05,53.05,2670118,VNM,2026-02-10,VCI,VNM
2025-04-29,53.05,53.41,52.77,53.14,2560129,VNM,2026-02-10,VCI,VNM
2025-05-05,53.05,53.14,52.49,52.49,4242785,VNM,2026-02-10,VCI,VNM
2025-05-06,52.58,52.95,52.49,52.49,2505912,VNM,2026-02-10,VCI,VNM
2025-05-07,52.49,53.23,52.49,52.77,2910910,VNM,2026-02-10,VCI,VNM
2025-05-08,52.77,53.32,52.77,52.95,3266128,VNM,2026-02-10,VCI,VNM
2025-05-09,53.23,54.06,53.23,53.23,3839463,VNM,2026-02-10,VCI,VNM
2025-05-12,53.51,54.15,53.51,54.06,5868031,VNM,2026-02-10,VCI,VNM
2025-05-13,54.34,54.43,53.78,53.97,4359100,VNM,2026-02-10,VCI,VNM
2025-05-14,54.45,54.45,53.59,53.68,5045042,VNM,2026-02-10,VCI,VNM
2025-05-15,53.68,54.45,53.68,54.26,4097846,VNM,2026-02-10,VCI,VNM
2025-05-16,54.26,54.26,53.68,53.68,3204963,VNM,2026-02-10,VCI,VNM
2025-05-19,53.68,54.45,53.49,53.49,2803390,VNM,2026-02-10,VCI,VNM
2025-05-20,53.59,53.78,53.30,53.40,3228264,VNM,2026-02-10,VCI,VNM
2025-05-21,53.49,53.49,52.92,52.92,4473493,VNM,2026-02-10,VCI,VNM
2025-05-22,52.92,53.11,52.54,52.54,2674376,VNM,2026-02-10,VCI,VNM
2025-05-23,52.73,53.01,52.63,52.82,1671303,VNM,2026-02-10,VCI,VNM
2025-05-26,52.92,53.30,52.54,53.20,2735753,VNM,2026-02-10,VCI,VNM
2025-05-27,53.40,53.49,52.82,52.92,3691308,VNM,2026-02-10,VCI,VNM
2025-05-28,53.20,53.20,52.63,52.73,3908641,VNM,2026-02-10,VCI,VNM
2025-05-29,53.01,53.01,52.63,52.63,2185775,VNM,2026-02-10,VCI,VNM
2025-05-30,52.92,52.92,52.34,52.44,3289850,VNM,2026-02-10,VCI,VNM
2025-06-02,52.44,52.73,52.06,52.15,2650910,VNM,2026-02-10,VCI,VNM
2025-06-03,52.25,53.49,52.25,53.01,4318030,VNM,2026-02-10,VCI,VNM
2025-06-04,53.30,55.21,53.01,54.35,8429633,VNM,2026-02-10,VCI,VNM
2025-06-05,54.45,54.54,53.78,53.78,2800586,VNM,2026-02-10,VCI,VNM
2025-06-06,53.87,53.87,52.63,52.82,4131010,VNM,2026-02-10,VCI,VNM
2025-06-09,52.92,53.78,52.82,52.82,3041347,VNM,2026-02-10,VCI,VNM
2025-06-10,53.01,53.59,52.63,52.82,3006169,VNM,2026-02-10,VCI,VNM
2025-06-11,52.82,53.11,52.63,52.73,1724703,VNM,2026-02-10,VCI,VNM
2025-06-12,53.11,53.68,53.01,53.40,3287375,VNM,2026-02-10,VCI,VNM
2025-06-13,53.01,53.20,52.73,53.01,3550452,VNM,2026-02-10,VCI,VNM
2025-06-16,52.92,54.06,52.92,53.78,4739919,VNM,2026-02-10,VCI,VNM
2025-06-17,53.87,54.16,53.59,53.68,3412338,VNM,2026-02-10,VCI,VNM
2025-06-18,53.78,54.26,53.49,53.49,4104359,VNM,2026-02-10,VCI,VNM
2025-06-19,53.49,53.87,53.20,53.59,2633373,VNM,2026-02-10,VCI,VNM
2025-06-20,53.78,54.16,53.40,54.06,4666374,VNM,2026-02-10,VCI,VNM
2025-06-23,53.49,53.87,53.30,53.40,3026667,VNM,2026-02-10,VCI,VNM
2025-06-24,53.68,53.97,53.59,53.87,2808803,VNM,2026-02-10,VCI,VNM
2025-06-25,53.97,55.21,53.87,54.26,6276981,VNM,2026-02-10,VCI,VNM
2025-06-26,54.26,54.45,53.78,53.87,3122709,VNM,2026-02-10,VCI,VNM
2025-06-27,54.26,55.97,53.78,55.21,8906332,VNM,2026-02-10,VCI,VNM
2025-06-30,55.50,56.07,55.31,55.40,4495276,VNM,2026-02-10,VCI,VNM
2025-07-01,55.78,55.78,54.64,54.92,4022091,VNM,2026-02-10,VCI,VNM
2025-07-02,55.02,55.40,54.73,55.12,3779271,VNM,2026-02-10,VCI,VNM
2025-07-03,55.12,55.78,54.73,54.92,5300539,VNM,2026-02-10,VCI,VNM
2025-07-04,54.92,55.31,54.73,55.21,2700639,VNM,2026-02-10,VCI,VNM
2025-07-07,55.40,55.69,55.12,55.31,3769261,VNM,2026-02-10,VCI,VNM
2025-07-08,55.40,56.55,55.31,56.36,7172064,VNM,2026-02-10,VCI,VNM
2025-07-09,56.64,57.89,56.45,57.50,9648148,VNM,2026-02-10,VCI,VNM
2025-07-10,57.79,57.89,57.03,57.03,5254397,VNM,2026-02-10,VCI,VNM
2025-07-11,57.60,58.08,57.12,57.12,6240382,VNM,2026-02-10,VCI,VNM
2025-07-14,57.31,58.08,56.64,57.60,6092143,VNM,2026-02-10,VCI,VNM
2025-07-15,57.89,58.46,57.41,57.41,6562134,VNM,2026-02-10,VCI,VNM
2025-07-16,57.31,57.50,56.93,57.41,4966353,VNM,2026-02-10,VCI,VNM
2025-07-17,57.60,57.89,57.12,57.41,6363587,VNM,2026-02-10,VCI,VNM
2025-07-18,57.41,58.36,57.31,57.50,5833240,VNM,2026-02-10,VCI,VNM
2025-07-21,57.60,58.08,57.31,57.31,5509591,VNM,2026-02-10,VCI,VNM
2025-07-22,57.31,57.50,56.83,57.50,4741106,VNM,2026-02-10,VCI,VNM
2025-07-23,57.69,58.94,57.50,58.94,9237999,VNM,2026-02-10,VCI,VNM
2025-07-24,59.32,61.13,59.32,60.85,13435605,VNM,2026-02-10,VCI,VNM
2025-07-25,60.94,60.94,60.27,60.37,5132723,VNM,2026-02-10,VCI,VNM
2025-07-28,60.46,61.04,60.18,60.46,8472643,VNM,2026-02-10,VCI,VNM
2025-07-29,60.46,61.32,59.99,60.37,10723928,VNM,2026-02-10,VCI,VNM
2025-07-30,60.18,60.66,59.99,60.08,6086980,VNM,2026-02-10,VCI,VNM
2025-07-31,60.18,60.66,57.69,58.46,10582428,VNM,2026-02-10,VCI,VNM
2025-08-01,58.65,58.65,57.31,57.31,5339082,VNM,2026-02-10,VCI,VNM
2025-08-04,57.12,58.08,57.12,57.69,3752196,VNM,2026-02-10,VCI,VNM
2025-08-05,57.79,58.74,57.31,57.41,9574374,VNM,2026-02-10,VCI,VNM
2025-08-06,57.69,58.94,57.69,58.55,5382357,VNM,2026-02-10,VCI,VNM
2025-08-07,59.13,59.22,58.08,58.17,4748027,VNM,2026-02-10,VCI,VNM
2025-08-08,58.27,59.03,57.89,58.08,6510574,VNM,2026-02-10,VCI,VNM
2025-08-11,58.27,59.32,58.17,58.74,5795341,VNM,2026-02-10,VCI,VNM
2025-08-12,59.32,59.60,58.65,59.03,5217050,VNM,2026-02-10,VCI,VNM
2025-08-13,59.22,59.32,58.08,58.36,6218119,VNM,2026-02-10,VCI,VNM
2025-08-14,58.55,59.41,58.27,58.94,6541163,VNM,2026-02-10,VCI,VNM
2025-08-15,59.22,59.41,58.27,58.27,5667842,VNM,2026-02-10,VCI,VNM
2025-08-18,58.36,58.55,57.89,57.98,4783737,VNM,2026-02-10,VCI,VNM
2025-08-19,58.08,58.46,57.69,57.79,5264209,VNM,2026-02-10,VCI,VNM
2025-08-20,57.79,58.17,56.93,57.31,6346136,VNM,2026-02-10,VCI,VNM
2025-08-21,57.41,58.17,56.93,57.41,5816129,VNM,2026-02-10,VCI,VNM
2025-08-22,57.12,57.22,55.88,56.07,7210343,VNM,2026-02-10,VCI,VNM
2025-08-25,56.26,56.93,56.07,56.07,3365985,VNM,2026-02-10,VCI,VNM
2025-08-26,55.97,57.41,55.88,57.03,2994293,VNM,2026-02-10,VCI,VNM
2025-08-27,57.03,58.46,56.83,57.79,4854223,VNM,2026-02-10,VCI,VNM
2025-08-28,58.27,58.74,57.98,58.27,3666449,VNM,2026-02-10,VCI,VNM
2025-08-29,58.55,58.55,57.60,57.60,4172198,VNM,2026-02-10,VCI,VNM
2025-09-03,57.60,58.74,57.60,58.74,4773459,VNM,2026-02-10,VCI,VNM
2025-09-04,58.94,59.70,58.74,59.03,4233882,VNM,2026-02-10,VCI,VNM
2025-09-05,59.13,59.22,58.17,58.17,5364137,VNM,2026-02-10,VCI,VNM
2025-09-08,58.17,59.13,57.89,57.89,6965675,VNM,2026-02-10,VCI,VNM
2025-09-09,57.89,58.27,57.41,57.60,3522635,VNM,2026-02-10,VCI,VNM
2025-09-10,57.79,57.89,57.03,57.12,3127098,VNM,2026-02-10,VCI,VNM
2025-09-11,57.12,58.46,56.74,58.46,5005742,VNM,2026-02-10,VCI,VNM
2025-09-12,58.55,60.66,58.27,60.37,13687337,VNM,2026-02-10,VCI,VNM
2025-09-15,60.56,60.66,59.99,60.27,3536437,VNM,2026-02-10,VCI,VNM
2025-09-16,60.66,62.47,60.37,61.80,12690318,VNM,2026-02-10,VCI,VNM
2025-09-17,61.90,63.23,61.90,62.18,9878719,VNM,2026-02-10,VCI,VNM
2025-09-18,62.18,62.37,60.66,60.75,5070426,VNM,2026-02-10,VCI,VNM
2025-09-19,60.94,61.04,59.22,59.22,5310507,VNM,2026-02-10,VCI,VNM
2025-09-22,59.32,59.99,58.65,58.65,5294211,VNM,2026-02-10,VCI,VNM
2025-09-23,58.74,59.70,58.74,58.84,3431691,VNM,2026-02-10,VCI,VNM
2025-09-24,59.13,59.22,58.27,59.22,3219465,VNM,2026-02-10,VCI,VNM
2025-09-25,59.51,59.60,58.74,58.74,2757739,VNM,2026-02-10,VCI,VNM
2025-09-26,58.74,59.03,58.36,58.36,2494919,VNM,2026-02-10,VCI,VNM
2025-09-29,58.36,58.46,57.50,57.60,5139527,VNM,2026-02-10,VCI,VNM
2025-09-30,57.69,58.08,57.31,57.31,3035907,VNM,2026-02-10,VCI,VNM
2025-10-01,57.98,59.70,57.50,59.32,4530998,VNM,2026-02-10,VCI,VNM
2025-10-02,59.70,59.80,58.46,58.46,3409526,VNM,2026-02-10,VCI,VNM
2025-10-03,58.55,59.51,58.46,58.55,4003694,VNM,2026-02-10,VCI,VNM
2025-10-06,59.89,59.89,59.03,59.60,4058047,VNM,2026-02-10,VCI,VNM
2025-10-07,59.89,59.89,58.65,58.65,3722157,VNM,2026-02-10,VCI,VNM
2025-10-08,59.51,60.66,58.94,60.56,5927644,VNM,2026-02-10,VCI,VNM
2025-10-09,60.56,60.66,59.80,60.08,3303747,VNM,2026-02-10,VCI,VNM
2025-10-10,60.56,60.56,59.60,59.60,4980079,VNM,2026-02-10,VCI,VNM
2025-10-13,59.41,61.23,59.03,61.13,6315036,VNM,2026-02-10,VCI,VNM
2025-10-14,61.51,61.51,60.46,60.66,5368265,VNM,2026-02-10,VCI,VNM
2025-10-15,60.94,61.51,60.75,60.75,4653477,VNM,2026-02-10,VCI,VNM
2025-10-16,60.80,61.20,60.20,61.20,5180885,VNM,2026-02-10,VCI,VNM
2025-10-17,61.00,61.20,58.80,58.80,6054177,VNM,2026-02-10,VCI,VNM
2025-10-20,58.90,59.40,55.00,55.00,8762669,VNM,2026-02-10,VCI,VNM
2025-10-21,56.10,58.00,56.10,56.50,7079112,VNM,2026-02-10,VCI,VNM
2025-10-22,57.10,57.30,55.70,56.30,3863715,VNM,2026-02-10,VCI,VNM
2025-10-23,56.50,57.10,56.30,56.60,2331775,VNM,2026-02-10,VCI,VNM
2025-10-24,56.90,58.10,56.10,58.10,3966518,VNM,2026-02-10,VCI,VNM
2025-10-27,58.40,58.40,57.00,57.00,3010562,VNM,2026-02-10,VCI,VNM
2025-10-28,57.20,57.40,56.80,57.40,2083083,VNM,2026-02-10,VCI,VNM
2025-10-29,57.50,57.90,57.10,57.50,1973000,VNM,2026-02-10,VCI,VNM
2025-10-30,57.80,57.90,57.00,57.10,1905200,VNM,2026-02-10,VCI,VNM
2025-10-31,57.40,57.70,57.10,57.60,2641500,VNM,2026-02-10,VCI,VNM
2025-11-03,57.70,58.30,57.30,57.30,2642700,VNM,2026-02-10,VCI,VNM
2025-11-04,57.60,57.90,56.30,57.30,4175200,VNM,2026-02-10,VCI,VNM
2025-11-05,57.30,58.50,57.10,58.00,3831600,VNM,2026-02-10,VCI,VNM
2025-11-06,58.00,58.50,57.60,58.00,2241200,VNM,2026-02-10,VCI,VNM
2025-11-07,57.60,58.40,57.50,57.60,3251100,VNM,2026-02-10,VCI,VNM
2025-11-10,57.70,57.90,57.00,57.00,2675800,VNM,2026-02-10,VCI,VNM
2025-11-11,57.00,59.00,57.00,58.90,5152700,VNM,2026-02-10,VCI,VNM
2025-11-12,58.80,60.00,58.50,59.80,5161900,VNM,2026-02-10,VCI,VNM
2025-11-13,59.80,62.00,59.70,61.80,9741800,VNM,2026-02-10,VCI,VNM
2025-11-14,61.70,63.30,61.60,62.80,10146900,VNM,2026-02-10,VCI,VNM
2025-11-17,62.90,63.30,61.80,62.10,4198400,VNM,2026-02-10,VCI,VNM
2025-11-18,62.00,62.30,60.50,60.70,5559900,VNM,2026-02-10,VCI,VNM
2025-11-19,60.70,61.90,60.50,60.90,4458500,VNM,2026-02-10,VCI,VNM
2025-11-20,61.40,61.60,60.50,60.70,2656100,VNM,2026-02-10,VCI,VNM
2025-11-21,60.30,60.70,59.70,59.90,4191100,VNM,2026-02-10,VCI,VNM
2025-11-24,60.10,63.40,60.10,63.00,9900300,VNM,2026-02-10,VCI,VNM
2025-11-25,63.00,63.20,61.90,61.90,4907900,VNM,2026-02-10,VCI,VNM
2025-11-26,62.30,63.20,62.30,62.80,3651000,VNM,2026-02-10,VCI,VNM
2025-11-27,63.00,63.40,62.00,62.00,3962300,VNM,2026-02-10,VCI,VNM
2025-11-28,62.20,64.50,62.20,64.00,11898300,VNM,2026-02-10,VCI,VNM
2025-12-01,64.30,65.90,64.30,64.90,9107300,VNM,2026-02-10,VCI,VNM
2025-12-02,64.80,65.60,64.50,65.00,6764300,VNM,2026-02-10,VCI,VNM
2025-12-03,65.10,65.20,64.00,64.60,5383600,VNM,2026-02-10,VCI,VNM
2025-12-04,65.00,65.10,63.40,63.40,5918000,VNM,2026-02-10,VCI,VNM
2025-12-05,63.60,64.50,63.40,63.40,3598900,VNM,2026-02-10,VCI,VNM
2025-12-08,63.30,64.50,63.20,63.50,3322000,VNM,2026-02-10,VCI,VNM
2025-12-09,63.50,64.10,62.50,62.50,5389200,VNM,2026-02-10,VCI,VNM
2025-12-10,62.40,64.50,62.30,63.10,3470500,VNM,2026-02-10,VCI,VNM
2025-12-11,63.00,63.50,61.50,61.50,4852300,VNM,2026-02-10,VCI,VNM
2025-12-12,61.70,62.00,60.20,60.20,4396400,VNM,2026-02-10,VCI,VNM
2025-12-15,60.30,62.60,60.30,62.00,4242600,VNM,2026-02-10,VCI,VNM
2025-12-16,62.00,64.40,61.70,64.20,6863300,VNM,2026-02-10,VCI,VNM
2025-12-17,64.10,64.10,62.90,62.90,2090400,VNM,2026-02-10,VCI,VNM
2025-12-18,63.60,64.00,62.90,63.90,3065000,VNM,2026-02-10,VCI,VNM
2025-12-19,63.70,64.00,63.00,64.00,2685700,VNM,2026-02-10,VCI,VNM
2025-12-22,63.90,63.90,63.10,63.20,2650700,VNM,2026-02-10,VCI,VNM
2025-12-23,63.50,64.10,62.30,62.60,4394700,VNM,2026-02-10,VCI,VNM
2025-12-24,62.80,62.90,61.50,61.50,4870200,VNM,2026-02-10,VCI,VNM
2025-12-25,61.60,62.30,61.30,61.30,2059600,VNM,2026-02-10,VCI,VNM
2025-12-26,61.60,62.30,61.20,61.50,2399200,VNM,2026-02-10,VCI,VNM
2025-12-29,61.50,62.20,61.40,62.10,1943000,VNM,2026-02-10,VCI,VNM
2025-12-30,62.10,62.30,61.70,61.80,1581000,VNM,2026-02-10,VCI,VNM
2025-12-31,61.90,62.00,61.20,61.20,1879600,VNM,2026-02-10,VCI,VNM
2026-01-05,61.30,61.50,60.00,60.30,2814700,VNM,2026-02-10,VCI,VNM
2026-01-06,60.50,60.90,60.30,60.80,2963300,VNM,2026-02-10,VCI,VNM
2026-01-07,60.80,61.50,60.50,60.90,3228100,VNM,2026-02-10,VCI,VNM
2026-01-08,61.10,63.40,61.10,62.20,5636400,VNM,2026-02-10,VCI,VNM
2026-01-09,62.40,62.50,61.00,61.00,4184100,VNM,2026-02-10,VCI,VNM
2026-01-12,61.10,62.70,61.10,62.70,4146300,VNM,2026-02-10,VCI,VNM
2026-01-13,62.90,64.90,62.80,63.30,6761300,VNM,2026-02-10,VCI,VNM
2026-01-14,63.60,67.70,63.40,67.70,24838300,VNM,2026-02-10,VCI,VNM
2026-01-15,70.00,72.40,69.50,71.00,19260600,VNM,2026-02-10,VCI,VNM
2026-01-16,71.10,73.00,69.10,69.60,13372500,VNM,2026-02-10,VCI,VNM
2026-01-19,69.80,71.00,68.30,70.60,10385300,VNM,2026-02-10,VCI,VNM
2026-01-20,71.50,75.50,71.10,73.40,21521900,VNM,2026-02-10,VCI,VNM
2026-01-21,73.00,73.00,70.00,70.30,11234100,VNM,2026-02-10,VCI,VNM
2026-01-22,71.10,72.80,70.00,70.90,8055200,VNM,2026-02-10,VCI,VNM
2026-01-23,69.40,70.10,67.20,67.20,16050400,VNM,2026-02-10,VCI,VNM
2026-01-26,67.40,69.30,67.40,68.90,8864800,VNM,2026-02-10,VCI,VNM
2026-01-27,68.40,68.60,66.10,67.70,8357800,VNM,2026-02-10,VCI,VNM
2026-01-28,67.70,69.50,67.20,67.70,9816800,VNM,2026-02-10,VCI,VNM
2026-01-29,68.50,71.10,67.90,71.10,10036800,VNM,2026-02-10,VCI,VNM
2026-01-30,71.50,72.50,70.50,70.60,7844800,VNM,2026-02-10,VCI,VNM
2026-02-02,70.90,72.60,70.30,72.60,10777700,VNM,2026-02-10,VCI,VNM
2026-02-03,72.90,73.60,71.30,71.60,7261000,VNM,2026-02-10,VCI,VNM
2026-02-04,71.80,72.60,70.80,72.00,7672500,VNM,2026-02-10,VCI,VNM
2026-02-05,71.90,72.20,69.10,69.10,8057000,VNM,2026-02-10,VCI,VNM
2026-02-06,68.30,70.70,68.20,69.10,6695900,VNM,2026-02-10,VCI,VNM
2026-02-09,69.40,70.40,69.30,69.60,2573300,VNM,2026-02-10,VCI,VNM
2025-01-17,125.10,128.08,124.59,127.15,3543613,FPT,2026-02-10,VCI,FPT
2025-01-20,127.15,128.34,126.46,128.00,2222776,FPT,2026-02-10,VCI,FPT
2025-01-21,128.43,129.19,127.15,127.91,2487666,FPT,2026-02-10,VCI,FPT
2025-01-22,127.66,128.51,127.32,127.74,2791445,FPT,2026-02-10,VCI,FPT
2025-01-23,128.08,133.12,128.00,131.67,7071025,FPT,2026-02-10,VCI,FPT
2025-01-24,131.50,131.84,130.90,130.90,3663137,FPT,2026-02-10,VCI,FPT
2025-02-03,126.29,127.32,123.99,124.16,12782345,FPT,2026-02-10,VCI,FPT
2025-02-04,124.59,125.44,123.99,124.76,5484258,FPT,2026-02-10,VCI,FPT
2025-02-05,125.35,125.87,124.42,124.84,5215921,FPT,2026-02-10,VCI,FPT
2025-02-06,125.44,125.70,124.24,125.01,3436430,FPT,2026-02-10,VCI,FPT
2025-02-07,125.01,125.18,124.42,124.67,3871195,FPT,2026-02-10,VCI,FPT
2025-02-10,124.16,124.16,121.17,121.17,7778331,FPT,2026-02-10,VCI,FPT
2025-02-11,121.34,124.07,119.55,124.07,5374143,FPT,2026-02-10,VCI,FPT
2025-02-12,124.24,124.33,123.14,123.73,1894041,FPT,2026-02-10,VCI,FPT
2025-02-13,123.73,123.73,121.77,122.11,2864744,FPT,2026-02-10,VCI,FPT
2025-02-14,122.88,123.73,122.54,123.65,3258612,FPT,2026-02-10,VCI,FPT
2025-02-17,123.73,123.73,122.37,122.54,2476462,FPT,2026-02-10,VCI,FPT
2025-02-18,122.71,123.22,122.11,122.79,1670138,FPT,2026-02-10,VCI,FPT
2025-02-19,122.79,123.65,122.11,122.88,3035921,FPT,2026-02-10,VCI,FPT
2025-02-20,123.05,123.39,122.03,122.03,3392942,FPT,2026-02-10,VCI,FPT
2025-02-21,121.86,121.94,120.75,121.17,5328132,FPT,2026-02-10,VCI,FPT
2025-02-24,121.17,121.17,119.04,119.89,7522473,FPT,2026-02-10,VCI,FPT
2025-02-25,119.81,119.81,117.93,118.61,6832220,FPT,2026-02-10,VCI,FPT
2025-02-26,118.70,121.00,118.53,121.00,3331505,FPT,2026-02-10,VCI,FPT
2025-02-27,121.17,121.34,120.06,120.58,3433107,FPT,2026-02-10,VCI,FPT
2025-02-28,119.55,120.40,118.61,119.72,4704828,FPT,2026-02-10,VCI,FPT
2025-03-03,119.89,120.66,119.72,119.89,2546980,FPT,2026-02-10,VCI,FPT
2025-03-04,119.04,119.98,118.87,119.47,3480042,FPT,2026-02-10,VCI,FPT
2025-03-05,119.47,119.55,118.70,118.70,2862185,FPT,2026-02-10,VCI,FPT
2025-03-06,119.04,122.45,119.04,120.83,6428376,FPT,2026-02-10,VCI,FPT
2025-03-07,120.92,121.77,120.40,120.66,2966941,FPT,2026-02-10,VCI,FPT
2025-03-10,120.75,120.75,118.78,118.87,5343134,FPT,2026-02-10,VCI,FPT
2025-03-11,117.76,118.19,116.91,117.33,5801595,FPT,2026-02-10,VCI,FPT
2025-03-12,117.50,118.36,115.97,115.97,6229823,FPT,2026-02-10,VCI,FPT
2025-03-13,116.14,117.76,116.14,116.48,3630282,FPT,2026-02-10,VCI,FPT
2025-03-14,115.71,116.31,111.62,112.13,16174178,FPT,2026-02-10,VCI,FPT
2025-03-17,112.30,112.72,110.59,110.93,6750806,FPT,2026-02-10,VCI,FPT
2025-03-18,111.02,112.81,110.93,110.93,5538119,FPT,2026-02-10,VCI,FPT
2025-03-19,111.02,111.44,105.39,106.32,18229064,FPT,2026-02-10,VCI,FPT
2025-03-20,106.32,108.20,106.24,106.67,8231543,FPT,2026-02-10,VCI,FPT
2025-03-21,106.67,110.08,106.67,109.23,6450846,FPT,2026-02-10,VCI,FPT
2025-03-24,109.65,110.34,108.63,110.08,5114180,FPT,2026-02-10,VCI,FPT
2025-03-25,110.76,110.85,107.95,107.95,5662235,FPT,2026-02-10,VCI,FPT
2025-03-26,107.95,107.95,104.70,104.96,9787345,FPT,2026-02-10,VCI,FPT
2025-03-27,104.11,107.95,103.34,107.69,6486187,FPT,2026-02-10,VCI,FPT
2025-03-28,107.60,107.86,105.81,105.81,2959445,FPT,2026-02-10,VCI,FPT
2025-03-31,105.30,105.30,103.25,103.25,5435725,FPT,2026-02-10,VCI,FPT
2025-04-01,104.11,104.28,101.38,102.83,7866837,FPT,2026-02-10,VCI,FPT
2025-04-02,103.42,104.36,103.08,104.11,3932911,FPT,2026-02-10,VCI,FPT
2025-04-03,97.88,100.35,96.85,96.85,11536434,FPT,2026-02-10,VCI,FPT
2025-04-04,90.11,97.19,90.11,96.43,21606397,FPT,2026-02-10,VCI,FPT
2025-04-08,90.45,92.16,89.68,89.68,16338312,FPT,2026-02-10,VCI,FPT
2025-04-09,83.46,92.16,83.46,89.86,16920135,FPT,2026-02-10,VCI,FPT
2025-04-10,96.08,96.08,96.08,96.08,1009422,FPT,2026-02-10,VCI,FPT
2025-04-11,99.84,101.12,97.54,101.12,19273397,FPT,2026-02-10,VCI,FPT
2025-04-14,102.40,102.40,97.28,101.12,9243738,FPT,2026-02-10,VCI,FPT
2025-04-15,99.07,99.84,97.02,98.99,7787164,FPT,2026-02-10,VCI,FPT
2025-04-16,97.71,98.90,92.07,92.07,18073930,FPT,2026-02-10,VCI,FPT
2025-04-17,89.60,94.98,89.51,93.35,8598000,FPT,2026-02-10,VCI,FPT
2025-04-18,94.29,98.13,94.29,95.23,7503525,FPT,2026-02-10,VCI,FPT
2025-04-21,95.57,96.00,93.87,95.32,4346403,FPT,2026-02-10,VCI,FPT
2025-04-22,94.72,94.89,88.75,94.21,9157581,FPT,2026-02-10,VCI,FPT
2025-04-23,95.32,95.32,91.90,94.21,5722250,FPT,2026-02-10,VCI,FPT
2025-04-24,95.15,97.02,94.38,95.57,7752762,FPT,2026-02-10,VCI,FPT
2025-04-25,95.57,95.91,94.04,95.91,5395660,FPT,2026-02-10,VCI,FPT
2025-04-28,95.57,95.91,93.18,93.44,3871885,FPT,2026-02-10,VCI,FPT
2025-04-29,93.52,94.29,93.10,93.35,2963086,FPT,2026-02-10,VCI,FPT
2025-05-05,93.44,93.61,91.22,92.67,7187087,FPT,2026-02-10,VCI,FPT
2025-05-06,92.67,94.72,92.67,93.61,5700105,FPT,2026-02-10,VCI,FPT
2025-05-07,93.52,94.89,92.93,93.61,3939067,FPT,2026-02-10,VCI,FPT
2025-05-08,94.21,97.79,93.01,97.54,12669001,FPT,2026-02-10,VCI,FPT
2025-05-09,97.54,99.33,96.85,98.99,8515499,FPT,2026-02-10,VCI,FPT
2025-05-12,99.84,101.29,99.58,100.95,8737998,FPT,2026-02-10,VCI,FPT
2025-05-13,102.40,102.66,101.20,101.97,8585153,FPT,2026-02-10,VCI,FPT
2025-05-14,102.40,107.78,102.40,107.78,12115033,FPT,2026-02-10,VCI,FPT
2025-05-15,107.95,108.29,105.47,106.67,7832064,FPT,2026-02-10,VCI,FPT
2025-05-16,106.24,106.41,103.17,103.25,8039229,FPT,2026-02-10,VCI,FPT
2025-05-19,101.38,102.83,99.50,100.86,9942512,FPT,2026-02-10,VCI,FPT
2025-05-20,99.67,101.80,99.67,101.72,7929467,FPT,2026-02-10,VCI,FPT
2025-05-21,102.40,102.40,99.84,100.95,6040245,FPT,2026-02-10,VCI,FPT
2025-05-22,99.92,100.35,98.64,99.67,6376715,FPT,2026-02-10,VCI,FPT
2025-05-23,99.58,100.52,98.99,99.92,4456672,FPT,2026-02-10,VCI,FPT
2025-05-26,99.58,100.52,98.13,100.10,4039601,FPT,2026-02-10,VCI,FPT
2025-05-27,100.18,101.89,100.18,101.55,5512819,FPT,2026-02-10,VCI,FPT
2025-05-28,101.72,101.89,100.27,101.03,3948303,FPT,2026-02-10,VCI,FPT
2025-05-29,101.55,101.55,99.92,99.92,2945136,FPT,2026-02-10,VCI,FPT
2025-05-30,100.69,100.86,99.41,99.41,4051804,FPT,2026-02-10,VCI,FPT
2025-06-02,99.41,99.92,98.64,99.07,2932470,FPT,2026-02-10,VCI,FPT
2025-06-03,99.58,100.69,99.24,100.18,3410333,FPT,2026-02-10,VCI,FPT
2025-06-04,100.69,100.86,99.41,99.92,2883362,FPT,2026-02-10,VCI,FPT
2025-06-05,99.92,100.10,99.41,99.67,2311499,FPT,2026-02-10,VCI,FPT
2025-06-06,99.67,99.67,98.13,98.13,5400395,FPT,2026-02-10,VCI,FPT
2025-06-09,98.56,99.75,98.13,99.16,3064841,FPT,2026-02-10,VCI,FPT
2025-06-10,99.84,100.18,98.73,98.73,3372461,FPT,2026-02-10,VCI,FPT
2025-06-11,99.07,100.86,99.07,100.61,5756496,FPT,2026-02-10,VCI,FPT
2025-06-12,101.21,101.30,100.26,100.70,4162497,FPT,2026-02-10,VCI,FPT
2025-06-13,99.83,100.26,98.89,99.32,6182491,FPT,2026-02-10,VCI,FPT
2025-06-16,99.06,103.11,98.97,102.42,8087673,FPT,2026-02-10,VCI,FPT
2025-06-17,102.42,102.67,101.73,102.24,4613155,FPT,2026-02-10,VCI,FPT
2025-06-18,102.24,102.85,100.18,100.70,6571082,FPT,2026-02-10,VCI,FPT
2025-06-19,100.70,100.78,99.58,99.83,5416264,FPT,2026-02-10,VCI,FPT
2025-06-20,99.92,100.61,99.66,99.92,4347313,FPT,2026-02-10,VCI,FPT
2025-06-23,99.40,100.09,98.54,99.75,4602132,FPT,2026-02-10,VCI,FPT
2025-06-24,100.09,100.70,100.09,100.26,4281302,FPT,2026-02-10,VCI,FPT
2025-06-25,100.70,102.76,100.70,100.78,6014965,FPT,2026-02-10,VCI,FPT
2025-06-26,101.56,101.81,100.35,100.70,4141284,FPT,2026-02-10,VCI,FPT
2025-06-27,100.70,101.81,100.61,100.95,5273001,FPT,2026-02-10,VCI,FPT
2025-06-30,101.47,102.85,101.21,101.73,6879228,FPT,2026-02-10,VCI,FPT
2025-07-01,102.42,102.85,101.73,102.24,4621512,FPT,2026-02-10,VCI,FPT
2025-07-02,101.99,102.16,101.21,102.07,3672455,FPT,2026-02-10,VCI,FPT
2025-07-03,101.99,103.11,101.38,101.56,6321182,FPT,2026-02-10,VCI,FPT
2025-07-04,101.99,106.20,101.90,105.43,12854266,FPT,2026-02-10,VCI,FPT
2025-07-07,106.12,107.32,105.86,106.55,6403004,FPT,2026-02-10,VCI,FPT
2025-07-08,106.81,108.18,106.72,107.15,8085628,FPT,2026-02-10,VCI,FPT
2025-07-09,107.41,107.49,105.26,105.69,12226586,FPT,2026-02-10,VCI,FPT
2025-07-10,106.55,107.84,106.29,106.63,5193049,FPT,2026-02-10,VCI,FPT
2025-07-11,107.58,110.16,107.24,108.96,10762062,FPT,2026-02-10,VCI,FPT
2025-07-14,109.47,110.08,107.58,109.39,6000215,FPT,2026-02-10,VCI,FPT
2025-07-15,108.96,109.99,108.44,108.44,5621345,FPT,2026-02-10,VCI,FPT
2025-07-16,109.04,109.30,107.67,108.70,5077050,FPT,2026-02-10,VCI,FPT
2025-07-17,109.04,111.11,108.44,109.30,8355437,FPT,2026-02-10,VCI,FPT
2025-07-18,110.16,110.16,108.44,108.44,6512306,FPT,2026-02-10,VCI,FPT
2025-07-21,111.24,111.24,109.16,109.16,7612979,FPT,2026-02-10,VCI,FPT
2025-07-22,109.16,111.04,107.58,110.95,6912737,FPT,2026-02-10,VCI,FPT
2025-07-23,111.14,111.64,110.15,110.65,4825624,FPT,2026-02-10,VCI,FPT
2025-07-24,110.85,110.95,109.66,109.96,6455334,FPT,2026-02-10,VCI,FPT
2025-07-25,109.96,110.35,109.36,109.56,5163242,FPT,2026-02-10,VCI,FPT
2025-07-28,109.66,110.45,109.36,110.15,7635424,FPT,2026-02-10,VCI,FPT
2025-07-29,110.15,110.45,104.91,104.91,16133144,FPT,2026-02-10,VCI,FPT
2025-07-30,105.90,106.89,104.22,105.01,7517104,FPT,2026-02-10,VCI,FPT
2025-07-31,105.01,105.80,102.73,102.93,8989001,FPT,2026-02-10,VCI,FPT
2025-08-01,102.63,106.29,100.45,105.90,10935794,FPT,2026-02-10,VCI,FPT
2025-08-04,105.40,105.50,103.72,105.50,4637013,FPT,2026-02-10,VCI,FPT
2025-08-05,105.90,107.58,103.92,104.71,11433392,FPT,2026-02-10,VCI,FPT
2025-08-06,104.91,105.11,103.42,103.82,11864447,FPT,2026-02-10,VCI,FPT
2025-08-07,104.51,106.29,103.82,105.11,9589089,FPT,2026-02-10,VCI,FPT
2025-08-08,105.40,106.29,103.72,104.51,9207301,FPT,2026-02-10,VCI,FPT
2025-08-11,104.81,108.37,104.22,105.30,10309903,FPT,2026-02-10,VCI,FPT
2025-08-12,106.29,107.09,105.50,106.39,11035855,FPT,2026-02-10,VCI,FPT
2025-08-13,106.49,106.69,103.82,104.02,21892517,FPT,2026-02-10,VCI,FPT
2025-08-14,104.71,104.71,102.63,102.73,17948903,FPT,2026-02-10,VCI,FPT
2025-08-15,102.73,103.72,100.26,100.36,18697086,FPT,2026-02-10,VCI,FPT
2025-08-18,100.36,101.94,98.97,99.46,11450410,FPT,2026-02-10,VCI,FPT
2025-08-19,99.56,100.45,98.97,99.27,9198729,FPT,2026-02-10,VCI,FPT
2025-08-20,99.07,99.27,96.50,96.69,20040979,FPT,2026-02-10,VCI,FPT
2025-08-21,96.69,101.84,96.69,100.65,12663739,FPT,2026-02-10,VCI,FPT
2025-08-22,100.55,100.55,97.78,97.98,7246765,FPT,2026-02-10,VCI,FPT
2025-08-25,100.95,100.95,97.78,97.78,6761832,FPT,2026-02-10,VCI,FPT
2025-08-26,97.78,98.97,96.89,98.97,5833293,FPT,2026-02-10,VCI,FPT
2025-08-27,100.36,104.02,100.16,103.92,19471753,FPT,2026-02-10,VCI,FPT
2025-08-28,104.02,104.02,101.74,103.42,6299351,FPT,2026-02-10,VCI,FPT
2025-08-29,103.92,103.92,100.55,100.55,11117268,FPT,2026-02-10,VCI,FPT
2025-09-03,100.95,102.24,98.97,102.14,9772872,FPT,2026-02-10,VCI,FPT
2025-09-04,102.24,104.41,102.14,103.92,11059038,FPT,2026-02-10,VCI,FPT
2025-09-05,104.12,104.41,102.33,102.33,8835511,FPT,2026-02-10,VCI,FPT
2025-09-08,101.94,102.83,100.85,100.85,10622551,FPT,2026-02-10,VCI,FPT
2025-09-09,100.95,101.94,99.96,101.05,6478341,FPT,2026-02-10,VCI,FPT
2025-09-10,101.05,101.84,100.06,100.16,5512255,FPT,2026-02-10,VCI,FPT
2025-09-11,100.16,101.84,99.46,100.95,7433193,FPT,2026-02-10,VCI,FPT
2025-09-12,100.95,101.84,100.06,100.55,7498375,FPT,2026-02-10,VCI,FPT
2025-09-15,100.85,102.43,100.45,100.85,14167008,FPT,2026-02-10,VCI,FPT
2025-09-16,101.64,103.72,100.95,102.43,17583475,FPT,2026-02-10,VCI,FPT
2025-09-17,102.93,106.69,102.93,104.41,20083197,FPT,2026-02-10,VCI,FPT
2025-09-18,104.91,105.21,101.94,101.94,8227572,FPT,2026-02-10,VCI,FPT
2025-09-19,102.73,102.73,99.46,101.94,23557247,FPT,2026-02-10,VCI,FPT
2025-09-22,101.44,101.64,98.57,98.67,16326968,FPT,2026-02-10,VCI,FPT
2025-09-23,98.97,98.97,96.50,96.99,18365378,FPT,2026-02-10,VCI,FPT
2025-09-24,97.09,98.48,96.40,98.48,7459032,FPT,2026-02-10,VCI,FPT
2025-09-25,98.48,98.48,96.89,96.99,8659161,FPT,2026-02-10,VCI,FPT
2025-09-26,97.19,98.28,96.40,96.50,8115898,FPT,2026-02-10,VCI,FPT
2025-09-29,96.79,96.79,94.52,94.52,10488698,FPT,2026-02-10,VCI,FPT
2025-09-30,94.52,94.81,91.84,92.04,12086512,FPT,2026-02-10,VCI,FPT
2025-10-01,92.24,93.53,90.46,92.44,7440061,FPT,2026-02-10,VCI,FPT
2025-10-02,91.94,92.44,91.05,91.15,7990319,FPT,2026-02-10,VCI,FPT
2025-10-03,91.25,93.03,91.15,92.44,7702876,FPT,2026-02-10,VCI,FPT
2025-10-06,93.33,94.91,92.54,94.52,6617245,FPT,2026-02-10,VCI,FPT
2025-10-07,95.01,95.31,94.22,94.52,6023461,FPT,2026-02-10,VCI,FPT
2025-10-08,94.52,95.90,93.53,93.53,5157890,FPT,2026-02-10,VCI,FPT
2025-10-09,94.02,94.02,92.54,93.23,5741465,FPT,2026-02-10,VCI,FPT
2025-10-10,93.23,95.51,92.83,95.11,8616495,FPT,2026-02-10,VCI,FPT
2025-10-13,93.92,93.92,92.73,93.03,7953799,FPT,2026-02-10,VCI,FPT
2025-10-14,93.13,93.53,91.45,91.45,12713796,FPT,2026-02-10,VCI,FPT
2025-10-15,91.65,92.14,88.58,88.68,18824893,FPT,2026-02-10,VCI,FPT
2025-10-16,88.88,90.56,88.68,88.88,7973952,FPT,2026-02-10,VCI,FPT
2025-10-17,89.17,90.56,87.19,87.19,8423276,FPT,2026-02-10,VCI,FPT
2025-10-20,87.39,90.85,86.10,86.10,14633215,FPT,2026-02-10,VCI,FPT
2025-10-21,88.08,92.04,87.59,92.04,19571735,FPT,2026-02-10,VCI,FPT
2025-10-22,94.22,97.98,94.02,96.00,18365820,FPT,2026-02-10,VCI,FPT
2025-10-23,96.20,96.30,93.03,94.02,6673501,FPT,2026-02-10,VCI,FPT
2025-10-24,94.02,96.69,93.72,96.69,13797916,FPT,2026-02-10,VCI,FPT
2025-10-27,97.98,98.67,95.31,96.99,12946379,FPT,2026-02-10,VCI,FPT
2025-10-28,97.58,101.15,97.58,101.15,20966367,FPT,2026-02-10,VCI,FPT
2025-10-29,101.35,102.14,100.06,100.65,9344715,FPT,2026-02-10,VCI,FPT
2025-10-30,101.05,102.43,100.55,101.64,9758541,FPT,2026-02-10,VCI,FPT
2025-10-31,101.54,102.83,99.96,102.83,14854263,FPT,2026-02-10,VCI,FPT
2025-11-03,102.73,105.21,102.43,103.92,21030571,FPT,2026-02-10,VCI,FPT
2025-11-04,103.03,103.62,100.65,102.24,10662165,FPT,2026-02-10,VCI,FPT
2025-11-05,100.75,100.95,98.57,99.86,11784047,FPT,2026-02-10,VCI,FPT
2025-11-06,99.86,100.95,98.38,99.17,6781958,FPT,2026-02-10,VCI,FPT
2025-11-07,98.48,100.75,98.48,99.96,5881390,FPT,2026-02-10,VCI,FPT
2025-11-10,100.16,100.16,95.21,95.21,10115824,FPT,2026-02-10,VCI,FPT
2025-11-11,95.80,96.89,95.11,95.11,6649987,FPT,2026-02-10,VCI,FPT
2025-11-12,95.51,99.56,95.51,99.56,6649911,FPT,2026-02-10,VCI,FPT
2025-11-13,99.56,99.66,97.68,97.88,4774081,FPT,2026-02-10,VCI,FPT
2025-11-14,97.88,99.86,97.19,98.97,4713954,FPT,2026-02-10,VCI,FPT
2025-11-17,99.56,100.75,99.56,99.96,5607991,FPT,2026-02-10,VCI,FPT
2025-11-18,99.96,100.06,97.78,98.97,6522460,FPT,2026-02-10,VCI,FPT
2025-11-19,98.48,98.48,96.99,96.99,5191305,FPT,2026-02-10,VCI,FPT
2025-11-20,97.58,98.67,97.09,97.98,4608598,FPT,2026-02-10,VCI,FPT
2025-11-21,96.99,100.16,96.79,99.76,7956420,FPT,2026-02-10,VCI,FPT
2025-11-24,99.66,100.06,98.57,99.17,5079550,FPT,2026-02-10,VCI,FPT
2025-11-25,98.67,99.27,97.98,98.67,4510630,FPT,2026-02-10,VCI,FPT
2025-11-26,98.77,99.17,97.88,97.98,5843562,FPT,2026-02-10,VCI,FPT
2025-11-27,98.18,98.77,97.09,98.48,4796150,FPT,2026-02-10,VCI,FPT
2025-11-28,98.08,98.38,96.10,96.10,6239769,FPT,2026-02-10,VCI,FPT
2025-12-01,96.90,97.70,96.10,96.60,3145177,FPT,2026-02-10,VCI,FPT
2025-12-02,96.80,97.30,95.40,96.60,5590644,FPT,2026-02-10,VCI,FPT
2025-12-03,97.00,97.00,96.00,96.60,6491714,FPT,2026-02-10,VCI,FPT
2025-12-04,96.60,98.50,96.60,97.50,7409987,FPT,2026-02-10,VCI,FPT
2025-12-05,97.50,97.50,96.10,96.20,5090389,FPT,2026-02-10,VCI,FPT
2025-12-08,96.60,97.30,95.50,95.50,5307100,FPT,2026-02-10,VCI,FPT
2025-12-09,95.50,97.00,94.40,96.90,9995279,FPT,2026-02-10,VCI,FPT
2025-12-10,97.10,97.10,95.60,95.60,3909618,FPT,2026-02-10,VCI,FPT
2025-12-11,95.90,96.60,95.60,96.00,5211998,FPT,2026-02-10,VCI,FPT
2025-12-12,96.00,96.00,93.50,93.70,5519800,FPT,2026-02-10,VCI,FPT
2025-12-15,93.90,94.40,93.50,93.80,3524800,FPT,2026-02-10,VCI,FPT
2025-12-16,93.90,95.40,92.00,94.90,6295300,FPT,2026-02-10,VCI,FPT
2025-12-17,94.40,96.30,94.40,95.90,4967800,FPT,2026-02-10,VCI,FPT
2025-12-18,95.50,95.60,93.90,94.40,4115500,FPT,2026-02-10,VCI,FPT
2025-12-19,94.00,95.00,93.60,93.90,4492600,FPT,2026-02-10,VCI,FPT
2025-12-22,94.10,94.30,93.50,93.70,6142400,FPT,2026-02-10,VCI,FPT
2025-12-23,94.00,95.90,93.60,94.00,6006900,FPT,2026-02-10,VCI,FPT
2025-12-24,94.10,94.20,93.10,93.60,3901500,FPT,2026-02-10,VCI,FPT
2025-12-25,93.60,94.80,93.00,93.00,4565200,FPT,2026-02-10,VCI,FPT
2025-12-26,92.70,93.00,91.00,92.50,6612400,FPT,2026-02-10,VCI,FPT
2025-12-29,92.50,94.90,92.50,94.30,6300900,FPT,2026-02-10,VCI,FPT
2025-12-30,94.50,96.60,94.30,96.50,7271200,FPT,2026-02-10,VCI,FPT
2025-12-31,96.80,97.00,95.20,95.80,3082600,FPT,2026-02-10,VCI,FPT
2026-01-05,95.70,95.70,93.20,95.00,7029300,FPT,2026-02-10,VCI,FPT
2026-01-06,94.70,94.80,93.60,94.00,5397500,FPT,2026-02-10,VCI,FPT
2026-01-07,94.10,97.60,94.00,97.50,11427400,FPT,2026-02-10,VCI,FPT
2026-01-08,98.10,98.10,96.50,96.50,5576200,FPT,2026-02-10,VCI,FPT
2026-01-09,96.10,99.90,96.00,97.40,10048700,FPT,2026-02-10,VCI,FPT
2026-01-12,98.00,99.50,98.00,99.50,9076600,FPT,2026-02-10,VCI,FPT
2026-01-13,99.70,101.70,97.90,98.90,9411100,FPT,2026-02-10,VCI,FPT
2026-01-14,99.00,101.10,97.80,99.80,11900400,FPT,2026-02-10,VCI,FPT
2026-01-15,99.80,101.70,98.40,98.50,7401400,FPT,2026-02-10,VCI,FPT
2026-01-16,99.50,105.30,99.50,105.30,23871100,FPT,2026-02-10,VCI,FPT
2026-01-19,108.70,108.70,105.50,105.80,14710500,FPT,2026-02-10,VCI,FPT
2026-01-20,106.10,107.00,104.00,104.10,12213100,FPT,2026-02-10,VCI,FPT
2026-01-21,103.20,106.50,101.10,105.00,14517300,FPT,2026-02-10,VCI,FPT
2026-01-22,105.50,105.80,103.50,103.50,8095100,FPT,2026-02-10,VCI,FPT
2026-01-23,103.60,104.60,101.00,101.00,9418000,FPT,2026-02-10,VCI,FPT
2026-01-26,100.20,101.60,98.00,98.50,11183100,FPT,2026-02-10,VCI,FPT
2026-01-27,99.60,102.50,99.10,102.10,10585500,FPT,2026-02-10,VCI,FPT
2026-01-28,102.40,105.80,102.30,104.50,11949800,FPT,2026-02-10,VCI,FPT
2026-01-29,105.00,107.20,103.70,106.10,14247700,FPT,2026-02-10,VCI,FPT
2026-01-30,106.40,106.40,103.90,104.50,10833200,FPT,2026-02-10,VCI,FPT
2026-02-02,103.30,104.30,101.60,104.30,9331400,FPT,2026-02-10,VCI,FPT
2026-02-03,104.90,105.40,102.90,103.90,9097000,FPT,2026-02-10,VCI,FPT
2026-02-04,103.10,103.50,101.50,101.90,11639700,FPT,2026-02-10,VCI,FPT
2026-02-05,101.20,101.90,99.00,99.00,18088600,FPT,2026-02-10,VCI,FPT
2026-02-06,98.00,100.00,96.70,97.60,9766800,FPT,2026-02-10,VCI,FPT
2026-02-09,98.80,99.40,97.90,99.00,5108600,FPT,2026-02-10,VCI,FPT
2025-01-17,20.25,20.27,20.12,20.23,1174622,VIC,2026-02-10,VCI,VIC
2025-01-20,20.15,20.23,20.12,20.20,647933,VIC,2026-02-10,VCI,VIC
2025-01-21,20.27,20.27,20.15,20.23,1314921,VIC,2026-02-10,VCI,VIC
2025-01-22,20.25,20.25,20.05,20.20,1136198,VIC,2026-02-10,VCI,VIC
2025-01-23,20.20,20.32,20.12,20.20,1421586,VIC,2026-02-10,VCI,VIC
2025-01-24,20.12,20.25,20.10,20.20,1389220,VIC,2026-02-10,VCI,VIC
2025-02-03,20.10,20.15,19.95,20.02,1576949,VIC,2026-02-10,VCI,VIC
2025-02-04,20.02,20.10,19.92,20.05,1441966,VIC,2026-02-10,VCI,VIC
2025-02-05,20.10,20.23,20.02,20.02,1060865,VIC,2026-02-10,VCI,VIC
2025-02-06,20.18,20.27,20.02,20.23,1315728,VIC,2026-02-10,VCI,VIC
2025-02-07,20.25,20.35,20.12,20.32,1396794,VIC,2026-02-10,VCI,VIC
2025-02-10,20.18,20.18,20.00,20.00,1535989,VIC,2026-02-10,VCI,VIC
2025-02-11,20.00,20.05,19.92,19.98,1437497,VIC,2026-02-10,VCI,VIC
2025-02-12,19.98,20.05,19.95,19.95,941811,VIC,2026-02-10,VCI,VIC
2025-02-13,19.95,20.15,19.92,20.12,1054069,VIC,2026-02-10,VCI,VIC
2025-02-14,20.25,20.25,20.10,20.12,997968,VIC,2026-02-10,VCI,VIC
2025-02-17,20.12,20.20,20.02,20.05,854266,VIC,2026-02-10,VCI,VIC
2025-02-18,20.05,20.23,19.95,20.10,1201387,VIC,2026-02-10,VCI,VIC
2025-02-19,20.10,20.25,20.02,20.20,1576073,VIC,2026-02-10,VCI,VIC
2025-02-20,20.23,20.62,20.20,20.48,2940145,VIC,2026-02-10,VCI,VIC
2025-02-21,20.48,20.48,20.32,20.32,1334242,VIC,2026-02-10,VCI,VIC
2025-02-24,20.18,20.32,20.18,20.30,1541441,VIC,2026-02-10,VCI,VIC
2025-02-25,20.35,20.58,20.32,20.35,1794644,VIC,2026-02-10,VCI,VIC
2025-02-26,20.50,20.55,20.40,20.50,1367140,VIC,2026-02-10,VCI,VIC
2025-02-27,20.60,20.60,20.38,20.52,1442755,VIC,2026-02-10,VCI,VIC
2025-02-28,20.52,20.80,20.35,20.60,2774026,VIC,2026-02-10,VCI,VIC
2025-03-03,20.65,21.20,20.60,21.02,2861892,VIC,2026-02-10,VCI,VIC
2025-03-04,21.22,21.25,20.90,20.98,3059982,VIC,2026-02-10,VCI,VIC
2025-03-05,21.02,21.25,21.00,21.12,2910342,VIC,2026-02-10,VCI,VIC
2025-03-06,21.15,21.28,21.02,21.18,2631008,VIC,2026-02-10,VCI,VIC
2025-03-07,21.15,22.65,21.12,22.65,11513931,VIC,2026-02-10,VCI,VIC
2025-03-10,22.95,23.95,22.90,23.65,9921135,VIC,2026-02-10,VCI,VIC
2025-03-11,23.45,23.65,23.25,23.65,5701394,VIC,2026-02-10,VCI,VIC
2025-03-12,23.68,24.12,23.68,24.05,7010894,VIC,2026-02-10,VCI,VIC
2025-03-13,24.15,25.70,23.75,25.70,16433320,VIC,2026-02-10,VCI,VIC
2025-03-14,25.90,26.40,25.70,26.10,8435598,VIC,2026-02-10,VCI,VIC
2025-03-17,26.25,26.35,25.40,26.05,6510552,VIC,2026-02-10,VCI,VIC
2025-03-18,26.05,26.35,25.55,25.65,6023007,VIC,2026-02-10,VCI,VIC
2025-03-19,25.40,26.25,24.60,25.95,10353591,VIC,2026-02-10,VCI,VIC
2025-03-20,26.00,26.60,25.35,25.75,6636052,VIC,2026-02-10,VCI,VIC
2025-03-21,25.80,26.50,25.50,26.50,7491853,VIC,2026-02-10,VCI,VIC
2025-03-24,26.50,28.35,26.35,28.35,11915870,VIC,2026-02-10,VCI,VIC
2025-03-25,28.85,29.60,28.30,28.45,7951232,VIC,2026-02-10,VCI,VIC
2025-03-26,28.90,29.00,27.85,28.50,6498265,VIC,2026-02-10,VCI,VIC
2025-03-27,28.75,29.35,28.30,28.55,4575391,VIC,2026-02-10,VCI,VIC
2025-03-28,28.50,29.15,28.45,29.00,5548784,VIC,2026-02-10,VCI,VIC
2025-03-31,28.90,29.25,28.65,29.00,6660894,VIC,2026-02-10,VCI,VIC
2025-04-01,29.35,30.40,29.10,29.85,7768038,VIC,2026-02-10,VCI,VIC
2025-04-02,30.25,30.60,29.75,30.20,7322516,VIC,2026-02-10,VCI,VIC
2025-04-03,29.10,29.90,28.10,28.10,19225993,VIC,2026-02-10,VCI,VIC
2025-04-04,27.10,29.75,26.70,29.15,14566073,VIC,2026-02-10,VCI,VIC
2025-04-08,29.00,29.00,27.15,27.55,11583072,VIC,2026-02-10,VCI,VIC
2025-04-09,26.05,29.20,26.05,28.50,13010388,VIC,2026-02-10,VCI,VIC
2025-04-10,30.45,30.45,30.45,30.45,3810300,VIC,2026-02-10,VCI,VIC
2025-04-11,29.85,32.55,29.85,32.55,13375592,VIC,2026-02-10,VCI,VIC
2025-04-14,33.25,34.80,33.00,34.80,8836729,VIC,2026-02-10,VCI,VIC
2025-04-15,35.20,37.20,35.00,35.25,12287927,VIC,2026-02-10,VCI,VIC
2025-04-16,35.30,36.00,33.70,33.95,7559258,VIC,2026-02-10,VCI,VIC
2025-04-17,33.85,35.50,33.60,35.50,8073676,VIC,2026-02-10,VCI,VIC
2025-04-18,35.90,35.90,33.05,33.05,10586580,VIC,2026-02-10,VCI,VIC
2025-04-21,32.05,33.70,30.75,30.75,15483435,VIC,2026-02-10,VCI,VIC
2025-04-22,31.00,31.35,29.00,29.50,12830725,VIC,2026-02-10,VCI,VIC
2025-04-23,30.00,30.15,29.15,29.30,18989386,VIC,2026-02-10,VCI,VIC
2025-04-24,29.45,31.35,29.30,31.35,8736920,VIC,2026-02-10,VCI,VIC
2025-04-25,32.20,33.50,32.00,33.50,14791541,VIC,2026-02-10,VCI,VIC
2025-04-28,33.90,34.50,33.35,34.00,7032504,VIC,2026-02-10,VCI,VIC
2025-04-29,33.50,34.00,31.90,34.00,13393736,VIC,2026-02-10,VCI,VIC
2025-05-05,34.45,36.20,34.00,35.00,4415965,VIC,2026-02-10,VCI,VIC
2025-05-06,35.30,35.90,34.70,35.25,5717679,VIC,2026-02-10,VCI,VIC
2025-05-07,35.30,37.00,35.20,36.70,7627891,VIC,2026-02-10,VCI,VIC
2025-05-08,37.60,39.25,37.10,39.25,7195570,VIC,2026-02-10,VCI,VIC
2025-05-09,40.00,40.45,37.75,38.25,7051555,VIC,2026-02-10,VCI,VIC
2025-05-12,39.20,40.10,38.50,39.70,5890846,VIC,2026-02-10,VCI,VIC
2025-05-13,40.25,40.25,38.35,39.80,9660763,VIC,2026-02-10,VCI,VIC
2025-05-14,39.55,41.25,39.20,39.90,6651591,VIC,2026-02-10,VCI,VIC
2025-05-15,39.50,39.95,38.60,39.90,8937212,VIC,2026-02-10,VCI,VIC
2025-05-16,39.35,40.45,39.35,40.00,4665822,VIC,2026-02-10,VCI,VIC
2025-05-19,40.05,42.80,40.00,42.80,9173088,VIC,2026-02-10,VCI,VIC
2025-05-20,44.25,45.75,44.25,45.75,3902546,VIC,2026-02-10,VCI,VIC
2025-05-21,48.95,48.95,44.95,46.75,7294774,VIC,2026-02-10,VCI,VIC
2025-05-22,46.50,49.25,45.90,46.25,6576638,VIC,2026-02-10,VCI,VIC
2025-05-23,46.00,48.15,45.90,46.50,4213584,VIC,2026-02-10,VCI,VIC
2025-05-26,46.60,47.65,43.50,47.25,4826835,VIC,2026-02-10,VCI,VIC
2025-05-27,47.35,47.50,45.75,47.25,6817270,VIC,2026-02-10,VCI,VIC
2025-05-28,46.50,49.15,46.50,48.50,6163460,VIC,2026-02-10,VCI,VIC
2025-05-29,48.60,49.50,48.05,48.50,4740932,VIC,2026-02-10,VCI,VIC
2025-05-30,48.55,49.50,48.15,49.20,3280608,VIC,2026-02-10,VCI,VIC
2025-06-02,49.35,49.90,47.10,49.00,6447797,VIC,2026-02-10,VCI,VIC
2025-06-03,48.75,49.75,47.50,49.05,4420588,VIC,2026-02-10,VCI,VIC
2025-06-04,49.00,49.25,48.20,49.05,3339230,VIC,2026-02-10,VCI,VIC
2025-06-05,48.95,49.05,48.15,49.00,3354639,VIC,2026-02-10,VCI,VIC
2025-06-06,48.30,49.25,48.20,48.50,2934976,VIC,2026-02-10,VCI,VIC
2025-06-09,48.45,48.45,45.15,45.15,3785703,VIC,2026-02-10,VCI,VIC
2025-06-10,43.00,46.45,43.00,45.30,6850985,VIC,2026-02-10,VCI,VIC
2025-06-11,46.30,46.30,45.00,45.10,1444558,VIC,2026-02-10,VCI,VIC
2025-06-12,45.70,45.80,42.35,43.40,4172674,VIC,2026-02-10,VCI,VIC
2025-06-13,42.85,43.00,40.80,42.75,5009377,VIC,2026-02-10,VCI,VIC
2025-06-16,42.00,42.80,41.30,42.70,2521970,VIC,2026-02-10,VCI,VIC
2025-06-17,42.70,45.40,42.15,43.85,3392177,VIC,2026-02-10,VCI,VIC
2025-06-18,43.85,44.50,43.45,44.00,1434711,VIC,2026-02-10,VCI,VIC
2025-06-19,44.00,45.30,43.80,44.70,3253107,VIC,2026-02-10,VCI,VIC
2025-06-20,44.70,44.70,43.35,43.40,13620498,VIC,2026-02-10,VCI,VIC
2025-06-23,43.05,46.40,42.55,46.40,3886320,VIC,2026-02-10,VCI,VIC
2025-06-24,47.45,49.00,46.85,47.90,3987001,VIC,2026-02-10,VCI,VIC
2025-06-25,48.00,48.30,47.25,47.90,2663873,VIC,2026-02-10,VCI,VIC
2025-06-26,47.50,48.50,47.50,47.50,1615391,VIC,2026-02-10,VCI,VIC
2025-06-27,47.50,48.05,46.20,47.75,3037579,VIC,2026-02-10,VCI,VIC
2025-06-30,47.75,48.15,47.55,47.80,1269261,VIC,2026-02-10,VCI,VIC
2025-07-01,47.85,48.25,46.75,47.80,2339706,VIC,2026-02-10,VCI,VIC
2025-07-02,47.15,47.75,47.15,47.70,1094369,VIC,2026-02-10,VCI,VIC
2025-07-03,47.30,47.60,46.95,47.25,1894721,VIC,2026-02-10,VCI,VIC
2025-07-04,47.20,47.20,45.75,45.95,3988471,VIC,2026-02-10,VCI,VIC
2025-07-07,45.95,47.10,45.50,46.50,2013788,VIC,2026-02-10,VCI,VIC
2025-07-08,46.50,47.50,46.45,46.65,1424660,VIC,2026-02-10,VCI,VIC
2025-07-09,46.50,47.50,46.50,47.50,3292250,VIC,2026-02-10,VCI,VIC
2025-07-10,48.00,50.80,48.00,50.80,7097588,VIC,2026-02-10,VCI,VIC
2025-07-11,52.25,54.05,51.95,54.00,4808108,VIC,2026-02-10,VCI,VIC
2025-07-14,57.50,57.75,55.50,56.50,5556863,VIC,2026-02-10,VCI,VIC
2025-07-15,57.00,57.00,55.50,55.80,3264514,VIC,2026-02-10,VCI,VIC
2025-07-16,55.50,59.10,55.05,58.70,3315299,VIC,2026-02-10,VCI,VIC
2025-07-17,59.05,61.65,59.05,61.00,6617235,VIC,2026-02-10,VCI,VIC
2025-07-18,62.35,62.35,58.75,59.50,6084453,VIC,2026-02-10,VCI,VIC
2025-07-21,60.25,61.25,55.35,56.00,4320588,VIC,2026-02-10,VCI,VIC
2025-07-22,56.10,58.75,56.10,58.75,3949125,VIC,2026-02-10,VCI,VIC
2025-07-23,59.75,59.75,57.50,57.50,2814154,VIC,2026-02-10,VCI,VIC
2025-07-24,57.60,58.50,54.85,58.00,6047931,VIC,2026-02-10,VCI,VIC
2025-07-25,56.60,59.00,56.55,57.05,3392273,VIC,2026-02-10,VCI,VIC
2025-07-28,57.50,59.00,57.05,57.80,3276611,VIC,2026-02-10,VCI,VIC
2025-07-29,57.50,58.60,56.50,56.60,4570942,VIC,2026-02-10,VCI,VIC
2025-07-30,56.60,57.00,54.05,54.75,4362773,VIC,2026-02-10,VCI,VIC
2025-07-31,54.35,54.75,52.50,52.75,5680304,VIC,2026-02-10,VCI,VIC
2025-08-01,53.00,54.90,52.00,52.00,3953748,VIC,2026-02-10,VCI,VIC
2025-08-04,53.10,55.60,52.50,55.60,3888084,VIC,2026-02-10,VCI,VIC
2025-08-05,58.80,59.45,57.30,58.75,8395320,VIC,2026-02-10,VCI,VIC
2025-08-06,58.75,60.00,57.50,59.25,4223422,VIC,2026-02-10,VCI,VIC
2025-08-07,59.25,61.00,57.50,57.50,4150748,VIC,2026-02-10,VCI,VIC
2025-08-08,57.45,58.80,56.60,58.50,3225919,VIC,2026-02-10,VCI,VIC
2025-08-11,58.50,59.45,57.50,57.75,3288425,VIC,2026-02-10,VCI,VIC
2025-08-12,57.75,58.40,57.25,57.75,2965537,VIC,2026-02-10,VCI,VIC
2025-08-13,57.50,58.25,57.00,58.00,4117115,VIC,2026-02-10,VCI,VIC
2025-08-14,58.20,59.40,57.60,59.10,4322205,VIC,2026-02-10,VCI,VIC
2025-08-15,59.60,63.00,58.95,59.10,5273549,VIC,2026-02-10,VCI,VIC
2025-08-18,59.10,59.25,58.00,59.10,3598749,VIC,2026-02-10,VCI,VIC
2025-08-19,59.10,60.55,58.25,59.10,5299079,VIC,2026-02-10,VCI,VIC
2025-08-20,59.30,63.00,58.95,62.10,7480307,VIC,2026-02-10,VCI,VIC
2025-08-21,61.10,63.40,61.00,62.50,4080223,VIC,2026-02-10,VCI,VIC
2025-08-22,61.00,63.75,61.00,62.05,5042251,VIC,2026-02-10,VCI,VIC
2025-08-25,62.00,66.30,61.75,65.50,3827541,VIC,2026-02-10,VCI,VIC
2025-08-26,65.50,69.95,64.50,67.75,2607365,VIC,2026-02-10,VCI,VIC
2025-08-27,66.60,67.80,66.00,66.00,2357528,VIC,2026-02-10,VCI,VIC
2025-08-28,66.10,67.00,65.00,65.05,2185914,VIC,2026-02-10,VCI,VIC
2025-08-29,65.55,66.25,64.05,64.15,2479328,VIC,2026-02-10,VCI,VIC
2025-09-03,63.55,64.10,62.25,62.50,2297551,VIC,2026-02-10,VCI,VIC
2025-09-04,62.50,63.00,61.50,62.50,1996539,VIC,2026-02-10,VCI,VIC
2025-09-05,62.60,64.90,62.50,62.50,2146701,VIC,2026-02-10,VCI,VIC
2025-09-08,62.55,64.00,62.50,62.50,2206675,VIC,2026-02-10,VCI,VIC
2025-09-09,62.50,64.80,62.05,64.60,2666127,VIC,2026-02-10,VCI,VIC
2025-09-10,64.60,65.50,63.50,65.45,1989904,VIC,2026-02-10,VCI,VIC
2025-09-11,65.00,68.75,64.55,68.00,3026831,VIC,2026-02-10,VCI,VIC
2025-09-12,68.00,69.05,67.05,68.90,1972031,VIC,2026-02-10,VCI,VIC
2025-09-15,68.85,68.90,67.40,68.90,2149664,VIC,2026-02-10,VCI,VIC
2025-09-16,68.90,68.90,66.95,67.50,2925338,VIC,2026-02-10,VCI,VIC
2025-09-17,66.75,71.95,66.70,71.55,3999937,VIC,2026-02-10,VCI,VIC
2025-09-18,71.75,74.95,70.75,72.50,4400114,VIC,2026-02-10,VCI,VIC
2025-09-19,72.50,76.60,71.50,76.60,5623887,VIC,2026-02-10,VCI,VIC
2025-09-22,74.85,77.10,71.95,74.40,5122385,VIC,2026-02-10,VCI,VIC
2025-09-23,74.00,75.05,72.80,74.60,1431263,VIC,2026-02-10,VCI,VIC
2025-09-24,74.50,76.00,72.80,74.50,1757357,VIC,2026-02-10,VCI,VIC
2025-09-25,74.50,79.00,73.45,79.00,2828978,VIC,2026-02-10,VCI,VIC
2025-09-26,79.00,82.45,78.00,82.00,2719861,VIC,2026-02-10,VCI,VIC
2025-09-29,81.15,87.40,80.50,86.40,2457795,VIC,2026-02-10,VCI,VIC
2025-09-30,86.75,91.50,86.75,87.45,4686675,VIC,2026-02-10,VCI,VIC
2025-10-01,87.45,87.50,83.90,85.00,2654215,VIC,2026-02-10,VCI,VIC
2025-10-02,84.40,87.85,84.40,85.50,2388126,VIC,2026-02-10,VCI,VIC
2025-10-03,86.00,89.65,85.55,88.25,4900222,VIC,2026-02-10,VCI,VIC
2025-10-06,93.40,93.40,88.25,89.85,2414213,VIC,2026-02-10,VCI,VIC
2025-10-07,90.55,91.00,89.00,90.00,2375190,VIC,2026-02-10,VCI,VIC
2025-10-08,89.50,90.45,87.60,89.05,3265455,VIC,2026-02-10,VCI,VIC
2025-10-09,88.50,90.80,88.15,89.75,4141178,VIC,2026-02-10,VCI,VIC
2025-10-10,89.25,96.00,89.25,96.00,4308631,VIC,2026-02-10,VCI,VIC
2025-10-13,96.95,102.70,96.95,102.70,7194006,VIC,2026-02-10,VCI,VIC
2025-10-14,107.95,109.85,103.45,105.95,8097094,VIC,2026-02-10,VCI,VIC
2025-10-15,107.05,107.45,103.00,104.75,3766596,VIC,2026-02-10,VCI,VIC
2025-10-16,105.00,108.80,102.95,106.55,5230598,VIC,2026-02-10,VCI,VIC
2025-10-17,107.05,107.30,99.95,102.00,5633928,VIC,2026-02-10,VCI,VIC
2025-10-20,100.00,102.25,95.00,97.45,5696503,VIC,2026-02-10,VCI,VIC
2025-10-21,101.00,102.45,96.85,101.70,3712349,VIC,2026-02-10,VCI,VIC
2025-10-22,102.00,102.00,96.50,101.50,4206567,VIC,2026-02-10,VCI,VIC
2025-10-23,101.45,107.75,100.00,107.50,4780435,VIC,2026-02-10,VCI,VIC
2025-10-24,107.70,111.45,107.55,109.50,3430619,VIC,2026-02-10,VCI,VIC
2025-10-27,111.45,113.25,107.00,107.00,3910623,VIC,2026-02-10,VCI,VIC
2025-10-28,106.75,110.30,99.55,110.05,5229446,VIC,2026-02-10,VCI,VIC
2025-10-29,109.50,109.50,105.95,106.00,2748038,VIC,2026-02-10,VCI,VIC
2025-10-30,105.25,105.90,100.75,102.05,3783654,VIC,2026-02-10,VCI,VIC
2025-10-31,101.00,101.85,95.50,95.50,7479327,VIC,2026-02-10,VCI,VIC
2025-11-03,95.55,99.75,93.00,97.70,3644665,VIC,2026-02-10,VCI,VIC
2025-11-04,99.00,102.45,98.05,100.50,2523017,VIC,2026-02-10,VCI,VIC
2025-11-05,100.50,104.00,99.25,103.25,2145538,VIC,2026-02-10,VCI,VIC
2025-11-06,103.00,105.75,101.90,103.90,4615961,VIC,2026-02-10,VCI,VIC
2025-11-07,102.50,103.95,99.85,99.85,3711212,VIC,2026-02-10,VCI,VIC
2025-11-10,99.40,102.00,96.65,99.50,2796734,VIC,2026-02-10,VCI,VIC
2025-11-11,99.50,101.95,99.35,100.50,4231195,VIC,2026-02-10,VCI,VIC
2025-11-12,99.80,105.60,99.80,105.60,3899846,VIC,2026-02-10,VCI,VIC
2025-11-13,105.00,107.90,104.60,105.60,3076522,VIC,2026-02-10,VCI,VIC
2025-11-14,105.40,105.65,104.05,105.50,2091164,VIC,2026-02-10,VCI,VIC
2025-11-17,106.00,110.55,106.00,108.50,3904654,VIC,2026-02-10,VCI,VIC
2025-11-18,108.50,110.50,107.75,110.00,3038904,VIC,2026-02-10,VCI,VIC
2025-11-19,110.00,112.50,109.50,110.25,2339549,VIC,2026-02-10,VCI,VIC
2025-11-20,110.45,115.00,110.00,114.00,2845422,VIC,2026-02-10,VCI,VIC
2025-11-21,113.10,115.55,111.00,114.85,2793565,VIC,2026-02-10,VCI,VIC
2025-11-24,114.65,121.95,114.65,119.75,3221084,VIC,2026-02-10,VCI,VIC
2025-11-25,121.50,124.40,120.00,121.50,3442040,VIC,2026-02-10,VCI,VIC
2025-11-26,123.50,123.50,118.75,122.50,4214022,VIC,2026-02-10,VCI,VIC
2025-11-27,123.10,126.55,122.70,124.00,2361263,VIC,2026-02-10,VCI,VIC
2025-11-28,124.10,131.40,124.10,130.20,3865882,VIC,2026-02-10,VCI,VIC
2025-12-01,133.05,139.30,133.00,134.95,4524041,VIC,2026-02-10,VCI,VIC
2025-12-02,135.00,138.75,131.50,137.50,4118641,VIC,2026-02-10,VCI,VIC
2025-12-03,139.45,139.45,134.60,134.70,3348394,VIC,2026-02-10,VCI,VIC
2025-12-04,134.00,135.40,131.00,133.50,3928500,VIC,2026-02-10,VCI,VIC
2025-12-05,142.80,142.80,139.40,142.80,7036892,VIC,2026-02-10,VCI,VIC
2025-12-08,152.00,152.70,149.10,152.70,4619098,VIC,2026-02-10,VCI,VIC
2025-12-09,163.30,163.30,153.00,160.00,12899048,VIC,2026-02-10,VCI,VIC
2025-12-10,160.00,160.00,148.80,148.80,6630242,VIC,2026-02-10,VCI,VIC
2025-12-11,143.00,147.60,138.40,146.00,7991747,VIC,2026-02-10,VCI,VIC
2025-12-12,147.80,147.80,140.00,144.00,4638769,VIC,2026-02-10,VCI,VIC
2025-12-15,143.80,147.00,140.00,142.90,5235072,VIC,2026-02-10,VCI,VIC
2025-12-16,142.90,149.30,140.40,142.90,5348070,VIC,2026-02-10,VCI,VIC
2025-12-17,143.70,146.80,142.60,142.90,2878836,VIC,2026-02-10,VCI,VIC
2025-12-18,143.00,143.00,139.70,142.70,5429000,VIC,2026-02-10,VCI,VIC
2025-12-19,142.70,152.10,142.00,148.50,12784300,VIC,2026-02-10,VCI,VIC
2025-12-22,153.80,158.80,151.80,158.80,4500800,VIC,2026-02-10,VCI,VIC
2025-12-23,165.00,169.90,163.00,169.90,6615800,VIC,2026-02-10,VCI,VIC
2025-12-24,174.00,176.60,164.00,169.80,8749100,VIC,2026-02-10,VCI,VIC
2025-12-25,167.60,174.50,158.00,158.00,6373600,VIC,2026-02-10,VCI,VIC
2025-12-26,147.00,155.20,147.00,155.00,15336300,VIC,2026-02-10,VCI,VIC
2025-12-29,155.00,159.90,155.00,159.70,6667000,VIC,2026-02-10,VCI,VIC
2025-12-30,159.70,163.00,151.60,163.00,8091800,VIC,2026-02-10,VCI,VIC
2025-12-31,163.00,172.00,158.80,169.60,9438700,VIC,2026-02-10,VCI,VIC
2026-01-05,169.60,174.50,166.80,173.10,6644800,VIC,2026-02-10,VCI,VIC
2026-01-06,173.60,176.00,171.40,173.10,7681000,VIC,2026-02-10,VCI,VIC
2026-01-07,173.10,179.50,168.60,179.00,7674800,VIC,2026-02-10,VCI,VIC
2026-01-08,183.50,190.00,176.60,176.60,6593700,VIC,2026-02-10,VCI,VIC
2026-01-09,176.00,180.20,172.60,176.00,5389600,VIC,2026-02-10,VCI,VIC
2026-01-12,174.60,175.40,163.70,163.70,9379500,VIC,2026-02-10,VCI,VIC
2026-01-13,159.00,173.30,158.00,167.90,5382600,VIC,2026-02-10,VCI,VIC
2026-01-14,171.20,171.20,159.00,160.20,4416000,VIC,2026-02-10,VCI,VIC
2026-01-15,160.10,160.20,150.90,153.00,8278800,VIC,2026-02-10,VCI,VIC
2026-01-16,153.00,163.00,153.00,159.90,3824600,VIC,2026-02-10,VCI,VIC
2026-01-19,164.90,164.90,159.00,162.00,2282900,VIC,2026-02-10,VCI,VIC
2026-01-20,162.00,162.00,154.60,161.00,5147800,VIC,2026-02-10,VCI,VIC
2026-01-21,159.00,164.20,158.90,160.50,3238000,VIC,2026-02-10,VCI,VIC
2026-01-22,157.00,161.40,157.00,161.10,3404000,VIC,2026-02-10,VCI,VIC
2026-01-23,163.80,167.70,162.50,165.40,3317300,VIC,2026-02-10,VCI,VIC
2026-01-26,167.00,167.50,159.60,159.90,2315400,VIC,2026-02-10,VCI,VIC
2026-01-27,160.00,160.00,150.10,151.00,6581300,VIC,2026-02-10,VCI,VIC
2026-01-28,151.00,154.50,140.50,140.50,10028300,VIC,2026-02-10,VCI,VIC
2026-01-29,138.90,142.00,138.50,140.50,6992500,VIC,2026-02-10,VCI,VIC
2026-01-30,140.50,141.90,135.90,140.50,6881400,VIC,2026-02-10,VCI,VIC
2026-02-02,138.50,140.00,130.70,130.70,10401600,VIC,2026-02-10,VCI,VIC
2026-02-03,125.30,133.10,125.30,130.70,8884500,VIC,2026-02-10,VCI,VIC
2026-02-04,129.60,129.80,121.60,121.60,11704000,VIC,2026-02-10,VCI,VIC
2026-02-05,119.00,130.10,118.90,130.10,7413900,VIC,2026-02-10,VCI,VIC
2026-02-06,130.10,137.30,128.00,131.00,7311200,VIC,2026-02-10,VCI,VIC
2026-02-09,132.80,133.30,129.50,132.30,2803700,VIC,2026-02-10,VCI,VIC
2025-01-17,21.92,22.08,21.75,22.08,13956621,HPG,2026-02-10,VCI,HPG
2025-01-20,22.08,22.29,22.04,22.04,9665010,HPG,2026-02-10,VCI,HPG
2025-01-21,22.17,22.17,21.83,21.92,10429273,HPG,2026-02-10,VCI,HPG
2025-01-22,22.00,22.00,21.79,21.79,10285189,HPG,2026-02-10,VCI,HPG
2025-01-23,21.83,22.29,21.79,22.21,15800444,HPG,2026-02-10,VCI,HPG
2025-01-24,22.21,22.21,22.04,22.12,10409008,HPG,2026-02-10,VCI,HPG
2025-02-03,22.08,22.17,21.87,22.00,16987354,HPG,2026-02-10,VCI,HPG
2025-02-04,22.08,22.50,22.04,22.37,17370750,HPG,2026-02-10,VCI,HPG
2025-02-05,22.37,22.50,22.29,22.33,14477772,HPG,2026-02-10,VCI,HPG
2025-02-06,22.33,22.46,22.29,22.33,13545529,HPG,2026-02-10,VCI,HPG
2025-02-07,22.33,22.33,22.17,22.21,12556995,HPG,2026-02-10,VCI,HPG
2025-02-10,22.08,22.08,21.17,21.17,61143342,HPG,2026-02-10,VCI,HPG
2025-02-11,21.21,21.75,21.21,21.75,28914141,HPG,2026-02-10,VCI,HPG
2025-02-12,21.83,21.83,21.54,21.54,13674965,HPG,2026-02-10,VCI,HPG
2025-02-13,21.62,21.67,21.54,21.58,9507535,HPG,2026-02-10,VCI,HPG
2025-02-14,21.75,21.92,21.67,21.75,18592795,HPG,2026-02-10,VCI,HPG
2025-02-17,21.79,21.87,21.71,21.79,14380031,HPG,2026-02-10,VCI,HPG
2025-02-18,21.96,22.17,21.92,22.12,24951942,HPG,2026-02-10,VCI,HPG
2025-02-19,22.17,22.17,22.00,22.08,13664314,HPG,2026-02-10,VCI,HPG
2025-02-20,22.12,22.17,22.08,22.12,11920169,HPG,2026-02-10,VCI,HPG
2025-02-21,22.12,22.17,22.00,22.04,11076712,HPG,2026-02-10,VCI,HPG
2025-02-24,23.58,23.58,22.96,23.08,73928603,HPG,2026-02-10,VCI,HPG
2025-02-25,23.00,23.08,22.67,22.92,31597535,HPG,2026-02-10,VCI,HPG
2025-02-26,23.00,23.29,22.96,23.12,31840327,HPG,2026-02-10,VCI,HPG
2025-02-27,23.17,23.71,23.00,23.71,51151649,HPG,2026-02-10,VCI,HPG
2025-02-28,23.67,23.67,23.29,23.33,24230428,HPG,2026-02-10,VCI,HPG
2025-03-03,23.37,23.54,23.33,23.37,20678579,HPG,2026-02-10,VCI,HPG
2025-03-04,23.37,23.37,23.04,23.21,27441800,HPG,2026-02-10,VCI,HPG
2025-03-05,23.21,23.25,22.96,22.96,30401582,HPG,2026-02-10,VCI,HPG
2025-03-06,23.00,23.29,23.00,23.29,36989136,HPG,2026-02-10,VCI,HPG
2025-03-07,23.33,23.42,23.12,23.37,33148420,HPG,2026-02-10,VCI,HPG
2025-03-10,23.42,23.50,23.29,23.29,23601359,HPG,2026-02-10,VCI,HPG
2025-03-11,23.00,23.46,23.00,23.46,26105585,HPG,2026-02-10,VCI,HPG
2025-03-12,23.50,23.50,23.17,23.17,20664501,HPG,2026-02-10,VCI,HPG
2025-03-13,23.21,23.37,23.08,23.08,24826490,HPG,2026-02-10,VCI,HPG
2025-03-14,23.08,23.21,22.96,22.96,18298151,HPG,2026-02-10,VCI,HPG
2025-03-17,23.25,23.46,23.12,23.21,19738337,HPG,2026-02-10,VCI,HPG
2025-03-18,23.25,23.37,23.00,23.00,18761045,HPG,2026-02-10,VCI,HPG
2025-03-19,23.00,23.00,22.58,22.71,37953539,HPG,2026-02-10,VCI,HPG
2025-03-20,22.75,22.87,22.54,22.62,25038597,HPG,2026-02-10,VCI,HPG
2025-03-21,22.58,22.71,22.54,22.62,18921643,HPG,2026-02-10,VCI,HPG
2025-03-24,22.62,22.71,22.42,22.62,16247689,HPG,2026-02-10,VCI,HPG
2025-03-25,22.71,22.83,22.58,22.67,20115102,HPG,2026-02-10,VCI,HPG
2025-03-26,22.67,23.29,22.62,22.96,43997569,HPG,2026-02-10,VCI,HPG
2025-03-27,23.08,23.08,22.87,22.92,12023359,HPG,2026-02-10,VCI,HPG
2025-03-28,22.87,22.92,22.58,22.62,17090800,HPG,2026-02-10,VCI,HPG
2025-03-31,22.54,22.58,22.29,22.29,26565641,HPG,2026-02-10,VCI,HPG
2025-04-01,22.33,22.54,22.29,22.50,14037535,HPG,2026-02-10,VCI,HPG
2025-04-02,22.62,22.83,22.58,22.71,16797845,HPG,2026-02-10,VCI,HPG
2025-04-03,21.50,22.04,21.12,21.12,80792245,HPG,2026-02-10,VCI,HPG
2025-04-04,19.67,20.71,19.67,20.50,73222029,HPG,2026-02-10,VCI,HPG
2025-04-08,19.58,20.00,19.08,19.08,35517471,HPG,2026-02-10,VCI,HPG
2025-04-09,17.75,18.58,17.75,17.75,77212228,HPG,2026-02-10,VCI,HPG
2025-04-10,18.96,18.96,18.96,18.96,3066909,HPG,2026-02-10,VCI,HPG
2025-04-11,20.17,20.25,19.58,20.25,76305239,HPG,2026-02-10,VCI,HPG
2025-04-14,20.67,21.46,20.62,21.12,51254525,HPG,2026-02-10,VCI,HPG
2025-04-15,20.96,21.79,20.87,21.54,50611194,HPG,2026-02-10,VCI,HPG
2025-04-16,21.58,21.67,20.87,21.25,25738379,HPG,2026-02-10,VCI,HPG
2025-04-17,21.00,21.33,20.67,21.25,24465980,HPG,2026-02-10,VCI,HPG
2025-04-18,21.37,21.46,21.21,21.21,20785143,HPG,2026-02-10,VCI,HPG
2025-04-21,21.21,21.21,20.79,20.79,17327776,HPG,2026-02-10,VCI,HPG
2025-04-22,20.67,20.92,19.50,20.87,47493704,HPG,2026-02-10,VCI,HPG
2025-04-23,21.25,21.42,21.12,21.29,22246788,HPG,2026-02-10,VCI,HPG
2025-04-24,21.42,21.42,21.00,21.33,17227712,HPG,2026-02-10,VCI,HPG
2025-04-25,21.21,21.42,21.04,21.42,24864961,HPG,2026-02-10,VCI,HPG
2025-04-28,21.42,21.42,21.12,21.37,9768183,HPG,2026-02-10,VCI,HPG
2025-04-29,21.37,21.42,21.17,21.25,14478374,HPG,2026-02-10,VCI,HPG
2025-05-05,21.37,21.46,21.12,21.42,12563050,HPG,2026-02-10,VCI,HPG
2025-05-06,21.46,21.71,21.21,21.21,20963206,HPG,2026-02-10,VCI,HPG
2025-05-07,21.12,21.25,21.12,21.17,11518736,HPG,2026-02-10,VCI,HPG
2025-05-08,21.17,21.54,21.08,21.42,19907154,HPG,2026-02-10,VCI,HPG
2025-05-09,21.42,21.46,21.25,21.37,11024723,HPG,2026-02-10,VCI,HPG
2025-05-12,21.29,21.46,20.62,21.17,64778664,HPG,2026-02-10,VCI,HPG
2025-05-13,21.33,21.67,21.33,21.50,20324199,HPG,2026-02-10,VCI,HPG
2025-05-14,21.58,22.12,21.54,21.79,34103088,HPG,2026-02-10,VCI,HPG
2025-05-15,21.83,21.83,21.54,21.79,22639684,HPG,2026-02-10,VCI,HPG
2025-05-16,21.79,21.83,21.50,21.50,16827367,HPG,2026-02-10,VCI,HPG
2025-05-19,21.46,21.62,21.29,21.37,15012607,HPG,2026-02-10,VCI,HPG
2025-05-20,21.33,21.50,21.33,21.37,17464910,HPG,2026-02-10,VCI,HPG
2025-05-21,21.46,21.75,21.37,21.46,20165788,HPG,2026-02-10,VCI,HPG
2025-05-22,21.46,21.62,21.29,21.37,24383807,HPG,2026-02-10,VCI,HPG
2025-05-23,21.46,21.54,21.29,21.33,11111572,HPG,2026-02-10,VCI,HPG
2025-05-26,21.37,21.37,20.87,21.29,27453941,HPG,2026-02-10,VCI,HPG
2025-05-27,21.29,21.79,21.29,21.29,26913678,HPG,2026-02-10,VCI,HPG
2025-05-28,21.46,21.58,21.29,21.33,15622229,HPG,2026-02-10,VCI,HPG
2025-05-29,21.42,21.50,21.25,21.29,16448281,HPG,2026-02-10,VCI,HPG
2025-05-30,21.37,22.21,21.37,21.46,65014524,HPG,2026-02-10,VCI,HPG
2025-06-02,21.33,21.37,21.12,21.29,21950524,HPG,2026-02-10,VCI,HPG
2025-06-03,21.50,21.83,21.46,21.67,31062339,HPG,2026-02-10,VCI,HPG
2025-06-04,21.75,22.00,21.62,21.62,25708828,HPG,2026-02-10,VCI,HPG
2025-06-05,21.67,21.71,21.42,21.46,18808450,HPG,2026-02-10,VCI,HPG
2025-06-06,21.71,22.08,21.58,21.71,42269983,HPG,2026-02-10,VCI,HPG
2025-06-09,21.75,22.00,21.62,21.92,25004908,HPG,2026-02-10,VCI,HPG
2025-06-10,22.08,22.37,21.83,21.83,29436635,HPG,2026-02-10,VCI,HPG
2025-06-11,21.92,21.96,21.67,21.75,16564351,HPG,2026-02-10,VCI,HPG
2025-06-12,21.79,22.58,21.79,22.33,52244579,HPG,2026-02-10,VCI,HPG
2025-06-13,22.17,22.29,21.92,22.00,38795445,HPG,2026-02-10,VCI,HPG
2025-06-16,21.96,22.50,21.96,22.29,29753708,HPG,2026-02-10,VCI,HPG
2025-06-17,22.42,22.58,22.29,22.37,26645247,HPG,2026-02-10,VCI,HPG
2025-06-18,22.42,22.67,22.33,22.62,31488496,HPG,2026-02-10,VCI,HPG
2025-06-19,22.62,22.67,22.33,22.42,23431044,HPG,2026-02-10,VCI,HPG
2025-06-20,22.50,22.58,22.37,22.50,23434378,HPG,2026-02-10,VCI,HPG
2025-06-23,22.37,22.50,22.17,22.37,22214192,HPG,2026-02-10,VCI,HPG
2025-06-24,22.54,22.67,22.46,22.50,27891516,HPG,2026-02-10,VCI,HPG
2025-06-25,22.58,22.87,22.46,22.67,38667411,HPG,2026-02-10,VCI,HPG
2025-06-26,23.05,23.15,22.75,22.80,38436669,HPG,2026-02-10,VCI,HPG
2025-06-27,22.95,22.95,22.75,22.85,16501158,HPG,2026-02-10,VCI,HPG
2025-06-30,22.90,22.95,22.70,22.70,19930857,HPG,2026-02-10,VCI,HPG
2025-07-01,22.75,22.90,22.60,22.65,19796627,HPG,2026-02-10,VCI,HPG
2025-07-02,22.65,22.90,22.55,22.90,18923070,HPG,2026-02-10,VCI,HPG
2025-07-03,23.00,23.65,23.00,23.10,42563897,HPG,2026-02-10,VCI,HPG
2025-07-04,23.15,23.25,23.10,23.25,19418237,HPG,2026-02-10,VCI,HPG
2025-07-07,23.70,23.70,23.40,23.60,36030224,HPG,2026-02-10,VCI,HPG
2025-07-08,23.65,24.80,23.55,24.70,77535019,HPG,2026-02-10,VCI,HPG
2025-07-09,24.80,25.10,24.60,24.75,43462900,HPG,2026-02-10,VCI,HPG
2025-07-10,24.85,25.20,24.55,25.15,85282300,HPG,2026-02-10,VCI,HPG
2025-07-11,25.25,26.25,25.05,26.00,65285300,HPG,2026-02-10,VCI,HPG
2025-07-14,26.20,26.45,25.55,25.75,49438500,HPG,2026-02-10,VCI,HPG
2025-07-15,25.80,26.00,25.50,25.50,46507000,HPG,2026-02-10,VCI,HPG
2025-07-16,25.45,26.20,25.40,26.10,45893600,HPG,2026-02-10,VCI,HPG
2025-07-17,26.20,26.35,25.90,26.00,56229600,HPG,2026-02-10,VCI,HPG
2025-07-18,26.00,26.10,25.75,25.90,40723400,HPG,2026-02-10,VCI,HPG
2025-07-21,26.40,27.00,26.10,26.20,55773600,HPG,2026-02-10,VCI,HPG
2025-07-22,26.15,26.45,26.00,26.45,31504400,HPG,2026-02-10,VCI,HPG
2025-07-23,26.55,26.95,26.40,26.40,43124000,HPG,2026-02-10,VCI,HPG
2025-07-24,26.40,26.45,25.90,26.00,51907400,HPG,2026-02-10,VCI,HPG
2025-07-25,26.00,26.30,25.90,26.05,51078400,HPG,2026-02-10,VCI,HPG
2025-07-28,26.10,26.85,26.00,26.35,99592800,HPG,2026-02-10,VCI,HPG
2025-07-29,26.45,26.60,25.35,25.35,82604800,HPG,2026-02-10,VCI,HPG
2025-07-30,25.60,25.75,25.10,25.40,50186000,HPG,2026-02-10,VCI,HPG
2025-07-31,25.45,25.60,24.75,24.95,85332500,HPG,2026-02-10,VCI,HPG
2025-08-01,24.85,25.30,24.80,25.15,50798600,HPG,2026-02-10,VCI,HPG
2025-08-04,25.10,25.45,24.95,25.30,37058100,HPG,2026-02-10,VCI,HPG
2025-08-05,25.45,27.05,25.45,26.40,215999100,HPG,2026-02-10,VCI,HPG
2025-08-06,26.75,27.70,26.65,27.10,96174200,HPG,2026-02-10,VCI,HPG
2025-08-07,27.35,28.55,27.00,28.50,139119300,HPG,2026-02-10,VCI,HPG
2025-08-08,28.60,28.65,27.60,28.00,121062500,HPG,2026-02-10,VCI,HPG
2025-08-11,28.15,28.45,27.80,28.15,67223000,HPG,2026-02-10,VCI,HPG
2025-08-12,28.35,29.10,28.15,28.50,84195900,HPG,2026-02-10,VCI,HPG
2025-08-13,28.55,28.60,27.85,28.10,79765000,HPG,2026-02-10,VCI,HPG
2025-08-14,28.20,28.45,28.00,28.20,76049900,HPG,2026-02-10,VCI,HPG
2025-08-15,28.45,28.80,27.85,28.00,107927600,HPG,2026-02-10,VCI,HPG
2025-08-18,28.30,28.80,28.20,28.40,69044400,HPG,2026-02-10,VCI,HPG
2025-08-19,28.60,28.70,28.10,28.15,63021900,HPG,2026-02-10,VCI,HPG
2025-08-20,28.20,28.25,27.05,27.40,101007400,HPG,2026-02-10,VCI,HPG
2025-08-21,27.45,27.80,27.30,27.40,69981700,HPG,2026-02-10,VCI,HPG
2025-08-22,26.95,27.10,26.00,26.00,132314200,HPG,2026-02-10,VCI,HPG
2025-08-25,26.50,26.75,25.85,25.95,68320100,HPG,2026-02-10,VCI,HPG
2025-08-26,26.10,27.20,26.10,27.20,51986200,HPG,2026-02-10,VCI,HPG
2025-08-27,27.25,27.25,26.75,26.75,85992500,HPG,2026-02-10,VCI,HPG
2025-08-28,26.95,27.50,26.85,27.10,63166300,HPG,2026-02-10,VCI,HPG
2025-08-29,27.20,27.85,27.05,27.50,81735200,HPG,2026-02-10,VCI,HPG
2025-09-03,27.40,29.00,27.25,28.15,119138500,HPG,2026-02-10,VCI,HPG
2025-09-04,28.45,29.90,28.35,29.85,141435100,HPG,2026-02-10,VCI,HPG
2025-09-05,30.00,30.10,28.80,28.80,95256400,HPG,2026-02-10,VCI,HPG
2025-09-08,28.70,29.75,28.65,28.90,141768400,HPG,2026-02-10,VCI,HPG
2025-09-09,29.20,29.25,28.20,28.85,73861200,HPG,2026-02-10,VCI,HPG
2025-09-10,28.85,29.20,28.40,28.85,52455800,HPG,2026-02-10,VCI,HPG
2025-09-11,28.70,29.20,28.00,29.15,71781900,HPG,2026-02-10,VCI,HPG
2025-09-12,29.20,30.10,29.15,30.00,104621000,HPG,2026-02-10,VCI,HPG
2025-09-15,30.25,30.85,30.10,30.35,88920500,HPG,2026-02-10,VCI,HPG
2025-09-16,30.55,30.55,29.75,29.95,66855600,HPG,2026-02-10,VCI,HPG
2025-09-17,29.90,30.25,29.20,29.20,124424600,HPG,2026-02-10,VCI,HPG
2025-09-18,29.35,29.40,28.60,29.15,75687000,HPG,2026-02-10,VCI,HPG
2025-09-19,29.30,29.40,28.80,29.25,45024800,HPG,2026-02-10,VCI,HPG
2025-09-22,29.25,29.25,28.30,28.40,66073800,HPG,2026-02-10,VCI,HPG
2025-09-23,28.55,28.85,28.45,28.65,24900000,HPG,2026-02-10,VCI,HPG
2025-09-24,28.65,29.05,28.25,29.05,30738900,HPG,2026-02-10,VCI,HPG
2025-09-25,29.15,29.30,28.75,28.80,34435400,HPG,2026-02-10,VCI,HPG
2025-09-26,28.85,29.20,28.55,28.55,38128900,HPG,2026-02-10,VCI,HPG
2025-09-29,28.55,28.90,28.40,28.60,38831200,HPG,2026-02-10,VCI,HPG
2025-09-30,28.55,28.60,27.90,28.15,53737200,HPG,2026-02-10,VCI,HPG
2025-10-01,28.30,28.50,28.10,28.30,29848500,HPG,2026-02-10,VCI,HPG
2025-10-02,28.35,28.65,28.05,28.10,30165900,HPG,2026-02-10,VCI,HPG
2025-10-03,28.10,28.10,27.35,27.65,58123500,HPG,2026-02-10,VCI,HPG
2025-10-06,28.10,29.20,28.10,29.20,71269500,HPG,2026-02-10,VCI,HPG
2025-10-07,29.20,29.35,29.00,29.00,41398600,HPG,2026-02-10,VCI,HPG
2025-10-08,29.25,29.40,28.75,29.20,59953000,HPG,2026-02-10,VCI,HPG
2025-10-09,29.40,29.40,28.85,28.95,42551700,HPG,2026-02-10,VCI,HPG
2025-10-10,29.00,29.75,28.90,29.60,62702300,HPG,2026-02-10,VCI,HPG
2025-10-13,29.05,29.25,28.85,29.00,80237700,HPG,2026-02-10,VCI,HPG
2025-10-14,29.05,29.25,28.30,28.35,84307900,HPG,2026-02-10,VCI,HPG
2025-10-15,28.40,28.70,28.20,28.25,34623200,HPG,2026-02-10,VCI,HPG
2025-10-16,28.25,28.80,28.00,28.25,44715300,HPG,2026-02-10,VCI,HPG
2025-10-17,28.30,28.65,28.00,28.00,46508200,HPG,2026-02-10,VCI,HPG
2025-10-20,27.90,28.25,26.05,26.05,102963100,HPG,2026-02-10,VCI,HPG
2025-10-21,26.30,27.00,26.00,26.80,74275800,HPG,2026-02-10,VCI,HPG
2025-10-22,26.90,26.90,26.15,26.70,37268800,HPG,2026-02-10,VCI,HPG
2025-10-23,26.75,27.00,26.50,26.50,23443400,HPG,2026-02-10,VCI,HPG
2025-10-24,26.50,26.70,26.10,26.40,30587700,HPG,2026-02-10,VCI,HPG
2025-10-27,26.75,26.85,26.25,26.25,27390800,HPG,2026-02-10,VCI,HPG
2025-10-28,26.35,26.80,26.15,26.80,28512100,HPG,2026-02-10,VCI,HPG
2025-10-29,26.90,27.55,26.90,27.25,39448900,HPG,2026-02-10,VCI,HPG
2025-10-30,27.40,27.40,26.90,26.90,23693500,HPG,2026-02-10,VCI,HPG
2025-10-31,26.90,27.10,26.70,26.70,19779100,HPG,2026-02-10,VCI,HPG
2025-11-03,26.75,26.90,26.05,26.05,28356600,HPG,2026-02-10,VCI,HPG
2025-11-04,26.15,26.85,25.95,26.75,37767100,HPG,2026-02-10,VCI,HPG
2025-11-05,26.45,26.75,26.25,26.30,20835300,HPG,2026-02-10,VCI,HPG
2025-11-06,26.35,26.50,26.10,26.10,21207600,HPG,2026-02-10,VCI,HPG
2025-11-07,26.15,26.55,26.00,26.05,55100200,HPG,2026-02-10,VCI,HPG
2025-11-10,26.20,26.75,26.10,26.45,48017900,HPG,2026-02-10,VCI,HPG
2025-11-11,26.60,26.90,26.45,26.60,31332100,HPG,2026-02-10,VCI,HPG
2025-11-12,26.65,27.10,26.65,27.00,30662900,HPG,2026-02-10,VCI,HPG
2025-11-13,27.00,27.05,26.55,26.55,18927500,HPG,2026-02-10,VCI,HPG
2025-11-14,26.50,26.95,26.50,26.90,22112200,HPG,2026-02-10,VCI,HPG
2025-11-17,27.05,27.35,27.05,27.30,32158300,HPG,2026-02-10,VCI,HPG
2025-11-18,27.25,27.60,27.15,27.50,35028300,HPG,2026-02-10,VCI,HPG
2025-11-19,27.50,28.35,27.45,27.60,56320700,HPG,2026-02-10,VCI,HPG
2025-11-20,27.70,27.80,27.15,27.25,23049300,HPG,2026-02-10,VCI,HPG
2025-11-21,27.15,27.45,26.90,27.40,22607900,HPG,2026-02-10,VCI,HPG
2025-11-24,27.40,27.55,27.10,27.10,14707800,HPG,2026-02-10,VCI,HPG
2025-11-25,27.15,27.35,26.90,26.90,24346200,HPG,2026-02-10,VCI,HPG
2025-11-26,26.95,27.20,26.85,27.10,19022200,HPG,2026-02-10,VCI,HPG
2025-11-27,27.20,27.30,26.90,26.90,13956200,HPG,2026-02-10,VCI,HPG
2025-11-28,26.90,27.05,26.55,26.55,20789300,HPG,2026-02-10,VCI,HPG
2025-12-01,26.65,26.75,26.50,26.50,19747100,HPG,2026-02-10,VCI,HPG
2025-12-02,26.55,26.65,26.20,26.50,26073200,HPG,2026-02-10,VCI,HPG
2025-12-03,26.60,26.85,26.45,26.80,21527600,HPG,2026-02-10,VCI,HPG
2025-12-04,26.95,27.45,26.90,27.30,35081200,HPG,2026-02-10,VCI,HPG
2025-12-05,27.35,27.35,27.00,27.00,17662100,HPG,2026-02-10,VCI,HPG
2025-12-08,26.90,27.10,26.75,26.75,21455600,HPG,2026-02-10,VCI,HPG
2025-12-09,26.70,26.90,26.40,26.40,39911800,HPG,2026-02-10,VCI,HPG
2025-12-10,26.65,27.00,26.60,26.65,19708000,HPG,2026-02-10,VCI,HPG
2025-12-11,26.70,26.90,26.50,26.55,17142200,HPG,2026-02-10,VCI,HPG
2025-12-12,26.60,26.70,26.00,26.00,37088200,HPG,2026-02-10,VCI,HPG
2025-12-15,26.25,26.40,26.05,26.25,23939400,HPG,2026-02-10,VCI,HPG
2025-12-16,26.35,26.95,26.25,26.70,29329900,HPG,2026-02-10,VCI,HPG
2025-12-17,26.70,26.70,26.40,26.40,16546600,HPG,2026-02-10,VCI,HPG
2025-12-18,26.40,26.55,26.25,26.40,18777900,HPG,2026-02-10,VCI,HPG
2025-12-19,26.40,26.70,26.40,26.70,29580600,HPG,2026-02-10,VCI,HPG
2025-12-22,26.70,27.10,26.60,26.90,54880900,HPG,2026-02-10,VCI,HPG
2025-12-23,27.05,27.20,26.65,26.75,29588500,HPG,2026-02-10,VCI,HPG
2025-12-24,26.85,26.85,26.50,26.55,23136900,HPG,2026-02-10,VCI,HPG
2025-12-25,26.55,26.65,26.25,26.25,29780000,HPG,2026-02-10,VCI,HPG
2025-12-26,27.10,27.70,26.65,26.90,94035000,HPG,2026-02-10,VCI,HPG
2025-12-29,27.00,27.00,26.65,26.70,16525200,HPG,2026-02-10,VCI,HPG
2025-12-30,26.70,26.85,26.50,26.50,24581900,HPG,2026-02-10,VCI,HPG
2025-12-31,26.45,26.60,26.35,26.40,20149700,HPG,2026-02-10,VCI,HPG
2026-01-05,26.40,26.55,25.70,25.95,46487900,HPG,2026-02-10,VCI,HPG
2026-01-06,26.00,26.20,25.35,25.95,39616600,HPG,2026-02-10,VCI,HPG
2026-01-07,25.95,26.75,25.95,26.60,37249700,HPG,2026-02-10,VCI,HPG
2026-01-08,26.70,26.80,26.40,26.40,37518600,HPG,2026-02-10,VCI,HPG
2026-01-09,26.80,26.80,26.20,26.20,35089300,HPG,2026-02-10,VCI,HPG
2026-01-12,26.35,27.60,26.35,27.50,83534900,HPG,2026-02-10,VCI,HPG
2026-01-13,27.75,27.90,27.00,27.25,45777400,HPG,2026-02-10,VCI,HPG
2026-01-14,27.45,27.60,27.00,27.25,53908300,HPG,2026-02-10,VCI,HPG
2026-01-15,27.25,27.90,27.25,27.60,61937700,HPG,2026-02-10,VCI,HPG
2026-01-16,27.80,28.25,27.30,27.60,65577000,HPG,2026-02-10,VCI,HPG
2026-01-19,27.90,28.20,27.65,27.70,40465900,HPG,2026-02-10,VCI,HPG
2026-01-20,27.85,27.95,27.10,27.25,44169600,HPG,2026-02-10,VCI,HPG
2026-01-21,27.15,27.25,26.65,26.80,37234300,HPG,2026-02-10,VCI,HPG
2026-01-22,26.90,27.30,26.85,26.85,27732600,HPG,2026-02-10,VCI,HPG
2026-01-23,27.10,27.15,26.75,26.75,24233600,HPG,2026-02-10,VCI,HPG
2026-01-26,26.75,26.80,26.15,26.30,33759300,HPG,2026-02-10,VCI,HPG
2026-01-27,26.35,26.55,26.20,26.45,21014200,HPG,2026-02-10,VCI,HPG
2026-01-28,26.55,27.10,26.55,26.70,29982700,HPG,2026-02-10,VCI,HPG
2026-01-29,26.80,27.10,26.80,27.10,27608700,HPG,2026-02-10,VCI,HPG
2026-01-30,27.30,27.50,26.75,26.80,40558400,HPG,2026-02-10,VCI,HPG
2026-02-02,26.80,26.80,26.25,26.55,44024300,HPG,2026-02-10,VCI,HPG
2026-02-03,26.65,27.10,26.65,26.75,32029900,HPG,2026-02-10,VCI,HPG
2026-02-04,26.85,28.60,26.85,28.30,145418100,HPG,2026-02-10,VCI,HPG
2026-02-05,28.30,28.35,27.55,27.55,32887100,HPG,2026-02-10,VCI,HPG
2026-02-06,27.35,28.10,26.80,26.80,67073000,HPG,2026-02-10,VCI,HPG
2026-02-09,27.05,27.30,26.70,26.75,24310400,HPG,2026-02-10,VCI,HPG
