cp,năm,kỳ,tăng_trưởng_doanh_thu,doanh_thu_đồng,lợi_nhuận_sau_thuế_của_cổ_đông_công_ty_mẹ_đồng,tăng_trưởng_lợi_nhuận,thu_nhập_tài_chính,chi_phí_tiền_lãi_vay,doanh_thu_bán_hàng_và_cung_cấp_dịch_vụ,các_khoản_giảm_trừ_doanh_thu,doanh_thu_thuần,giá_vốn_hàng_bán,lãi_gộp,chi_phí_tài_chính,lãi_lỗ_từ_công_ty_liên_doanh,chi_phí_bán_hàng,chi_phí_quản_lý_dn,lãi_lỗ_từ_hoạt_động_kinh_doanh,thu_nhập_khác,lãi_lỗ_trong_công_ty_liên_doanh_liên_kết,thu_nhập_chi_phí_khác,lợi_nhuận_khác,ln_trước_thuế,chi_phí_thuế_tndn_hiện_hành,chi_phí_thuế_tndn_hoãn_lại,lợi_nhuận_thuần,cổ_đông_thiểu_số,cổ_đông_của_công_ty_mẹ,symbol,extracted_at,source
VNM,2025,4,0.10,17045421378817,2840367601702,0.34,358341189804,-89980184766,17045421378817,-11868972863,17033552405954,-10143535412610,6890016993344,-107566612631,23984472272,-3186832400615,-545076497173,3432867145001,128002667372,0,-83869930287,44132737085,3476999882086,-688334808992,38533967838,2827199040932,-13168560770,2840367601702,VNM,2026-02-10,VCI
VNM,2025,3,0.09,16968084097983,2526766558891,0.05,395840396288,-75464626344,16968084097983,-14852560120,16953231537863,-9865934701695,7087296836168,-91354486972,-194491871698,-3573752079537,-465785970174,3157752824075,37389682775,0,-69541892798,-32152210023,3125600614052,-644325193049,29257322200,2510532743203,-16233815688,2526766558891,VNM,2026-02-10,VCI
VNM,2025,2,0.00,16744609675338,2474585297998,-0.07,376333100451,-85204331624,16744609675338,-20012195784,16724597479554,-9702919554414,7021677925140,-109547632124,3760327370,-3711347500232,-462277916899,3118598303706,32160581071,0,-54670351500,-22509770429,3096088533277,-613806796858,6302943861,2488584680280,13999382282,2474585297998,VNM,2026-02-10,VCI
VNM,2025,1,-0.08,12965404856436,1568482188101,-0.29,366337215645,-75155207673,12965404856436,-30899523580,12934505332856,-7724022892977,5210482439879,-41765368480,16189054400,-3169757183300,-430929441463,1950556716681,48165047774,0,-47425568932,739478842,1951296195523,-326819068821,-37203858648,1587273268054,18791079953,1568482188101,VNM,2026-02-10,VCI
VNM,2024,4,-0.01,15485051436522,2123649268482,-0.09,394631907537,-66109861870,15485051436522,-7978311081,15477073125441,-9267382480456,6209690644985,-140107172656,23396009808,-3351121538996,-554570624982,2581919225696,121552139821,0,-60102594612,61449545209,2643368770905,-555142311297,58564884369,2146791343977,23142075495,2123649268482,VNM,2026-02-10,VCI
VNM,2024,3,-0.01,15548707382507,2403519104884,-0.04,430476492135,-62624826693,15548707382507,-11370069034,15537337313473,-9135891859183,6401445454290,-97962433824,-5059420447,-3336422575566,-421729399873,2970748116715,37227938682,0,-66174414919,-28946476237,2941801640478,-573837659232,35189074022,2403153055268,-366049616,2403519104884,VNM,2026-02-10,VCI
VNM,2024,2,0.10,16665240843085,2670475017284,0.21,373183676511,-64294446778,16665240843085,-9453070612,16655787772473,-9588268993189,7067518779284,-87679063003,3339877558,-3574887401068,-455702658579,3325773210703,34843947651,0,-51974230124,-17130282473,3308642928230,-614203629137,1525922021,2695965221114,25490203830,2670475017284,VNM,2026-02-10,VCI
VNM,2024,1,0.01,14124890259766,2194666965600,0.18,387368759884,-86395425954,14124890259766,-12478942708,14112411317058,-8200889872493,5911521444565,-102489879376,10326196929,-3095275281176,-395914155553,2715537085273,37007652440,0,-46704335991,-9696683551,2705840401722,-497675570285,-1181461848,2206983369589,12316403989,2194666965600,VNM,2026-02-10,VCI
VNM,2023,4,0.04,15630458869279,2326013960066,0.24,428868705495,-96231603161,15630458869279,-11747924789,15618710944490,-9177098353000,6441612591490,-118785839541,-28037460234,-3493712827314,-504122733414,2725822436482,240821530736,0,-114579366839,126242163897,2852064600379,-527166047542,25806937118,2350705489955,24691529889,2326013960066,VNM,2026-02-10,VCI
VNM,2023,3,-0.03,15681494654705,2492254015001,0.08,483829853834,-79600679532,15681494654705,-44506970023,15636987684682,-9082087041307,6554900643375,-110138422955,-27632597830,-3382491600883,-432197136598,3086270738943,37955648630,0,-48436566422,-10480917792,3075789821151,-548401617475,5876182583,2533264386259,41010371258,2492254015001,VNM,2026-02-10,VCI
VNM,2023,2,0.02,15212939408874,2198811184561,0.06,383963944773,-95970637757,15212939408874,-18114453181,15194824955693,-9044632886807,6150192068886,-115957689789,-11201004578,-3199738372776,-430514547776,2776744398740,33520380483,0,-82266235220,-48745854737,2727998544003,-494907485041,-3933169203,2229157889759,30346705198,2198811184561,VNM,2026-02-10,VCI
VNM,2023,1,0.00,13954019633882,1856733257236,-0.18,419705072231,-82291916805,13954019633882,-35627707242,13918391926640,-8520365614981,5398026311659,-158240818929,-13760236004,-2942150310906,-388784710409,2314795307642,41111331702,0,-43860213391,-2748881689,2312046425953,-377888254570,-27931772305,1906226399078,49493141842,1856733257236,VNM,2026-02-10,VCI
VNM,2022,4,-0.05,15080733191774,1869125571613,-0.15,379190751224,-53226546796,15080733191774,-12078534321,15068654657453,-9223066245408,5845588412045,-207242758610,-4556583050,-3335004548411,-448926418471,2229048854727,148365579501,0,-82172192394,66193387107,2295242241834,-469246818237,43126134573,1869121558170,-4013443,1869125571613,VNM,2026-02-10,VCI
VNM,2022,3,-0.01,16094113384043,2298398907051,-0.21,338615402043,-49942302240,16094113384043,-14621959913,16079491424130,-9729311781833,6350179642297,-142793205373,4691288456,-3260867271142,-400896379672,2888929476609,41224997384,0,-70271306667,-29046309283,2859883167326,-534337235466,-2673735355,2322872196505,24473289454,2298398907051,VNM,2026-02-10,VCI
VNM,2022,2,-0.05,14959410994547,2082981126147,-0.27,341814888660,-36701642341,14959410994547,-29135701910,14930275292637,-8853615491038,6076659801599,-135024600156,10625616792,-3316046469903,-377093511787,2600935725205,50244850545,0,-75122932001,-24878081456,2576057643749,-490431693598,16640960424,2102266910575,19285784428,2082981126147,VNM,2026-02-10,VCI
VNM,2022,1,0.05,13940472652935,2265518089530,-0.12,320283365813,-26168600367,13940472652935,-62646829737,13877825823198,-8253022172432,5624803650766,-132476618856,-35236298601,-2636293957415,-368929371148,2772150770559,49186371697,0,-56985518420,-7799146723,2764351623836,-462232548984,-18804420394,2283314654458,17796564928,2265518089530,VNM,2026-02-10,VCI
VNM,2021,4,0.10,15834302208084,2196004480636,0.00,322834761317,-23446278323,15834302208084,-15265654814,15819036553270,-9093719773053,6725316780217,-90231210378,-31165337137,-3871026713824,-416643351347,2639084928848,122743257794,0,-73791162679,48952095115,2688037023963,-504424655028,28994247115,2212606616050,16602135414,2196004480636,VNM,2026-02-10,VCI
VNM,2021,3,0.04,16208270405981,2925766998017,-0.05,314242042431,-24374567105,16208270405981,-14218402422,16194052003559,-9250304913128,6943747090431,-63549064354,14548700320,-3307900301066,-394043756702,3507044711060,142312452646,0,-62753873794,79558578852,3586603289912,-623139563848,-2737563151,2960726162913,34959164896,2925766998017,VNM,2026-02-10,VCI
VNM,2021,2,0.01,15728786449961,2834789042592,-0.08,292767071141,-28072255034,15728786449961,-12980283496,15715806166465,-8861448981220,6854357185245,-42133666112,-19582360879,-3185812099703,-389330729464,3510265400228,37278305250,0,-53858755239,-16580449989,3493684950239,-633974149435,2558664410,2862269465214,27480422622,2834789042592,VNM,2026-02-10,VCI
VNM,2021,1,-0.07,13240715083738,2575916578653,-0.07,284839944505,-12905990201,13240715083738,-50444960886,13190270122852,-7435389686438,5754880436414,-6424291388,-8845432193,-2585931287811,-367294589472,3071224780055,120489176600,0,-37803733850,82685442750,3153910222805,-559443305864,2466811360,2596933728301,21017149648,2575916578653,VNM,2026-02-10,VCI
VNM,2020,4,0.01,14429900514941,2185170012447,-0.01,602270330836,-25857854618,14429900514941,-5105999997,14424794514944,-7766620813396,6658173701548,-64996123618,15046249059,-3775540419620,-735964299474,2698989438731,50587881068,0,-77700603192,-27112722124,2671876716607,-464261259130,28568727010,2236184184487,51014172040,2185170012447,VNM,2026-02-10,VCI
VNM,2020,3,0.09,15577229685157,3077140792284,0.14,358591147428,-38257217439,15577229685157,-14071686928,15563157998229,-8296414517093,7266743481136,-120470092893,-5701551848,-3284487795534,-458795669277,3755879519012,84975939469,0,-63835668510,21140270959,3777019789971,-645013546575,6169419341,3138175662737,61034870453,3077140792284,VNM,2026-02-10,VCI
VNM,2020,2,0.06,15509586167075,3071714073426,0.06,335351494778,-37641854799,15509586167075,-14352408276,15495233758799,-8357339161700,7137894597099,-674383923,6327202372,-3383322662142,-374051101779,3721525146405,40150489277,0,-50295058214,-10144568937,3711380577468,-637060519942,10245770048,3084565827574,12851754148,3071714073426,VNM,2026-02-10,VCI
VNM,2020,1,0.07,14206192026063,2764911978211,-0.01,284879682275,-42061538321,14206192026063,-53092072488,14153099953575,-7547288345650,6605811607925,-122428728401,-11789710907,-3004141744869,-389344385755,3362986720268,36671885321,0,-41399602611,-4727717290,3358259002978,-564338684243,-17113759408,2776806559327,11894581116,2764911978211,VNM,2026-02-10,VCI
VNM,2019,4,0.10,14255700394638,2201515747637,-0.04,233576605377,-35838396433,14255700394638,-16738916476,14238961478162,-7558658856714,6680302621448,-71153524397,14196707957,-3701158127544,-481812187559,2673952095282,65427025170,0,-90040261969,-24613236799,2649338858483,-485348598058,12445300287,2176435560712,-25080186925,2201515747637,VNM,2026-02-10,VCI
VNM,2019,3,0.04,14304042994942,2690192377294,0.05,206732692690,-27795829812,14304042994942,-13142547924,14290900447018,-7567934476550,6722965970468,-44895193422,-9779647914,-3291660881785,-318235893109,3265127046928,74087108721,0,-85458005938,-11370897217,3253756149711,-579559045028,2539547647,2676736652330,-13455724964,2690192377294,VNM,2026-02-10,VCI
VNM,2019,2,0.06,14610401622240,2898738430907,0.09,190720049829,-25355145802,14610401622240,-11441072483,14598960549757,-7585015000599,7013945549158,-42152766378,2474048770,-3330199098788,-318012114359,3516775668232,66987285143,0,-33931187119,33056098024,3549831766256,-650596496904,4543499607,2903778768959,5040338052,2898738430907,VNM,2026-02-10,VCI
VNM,2019,1,0.09,13230084714897,2790729116151,0.03,176287359587,-19835521940,13230084714897,-40784427090,13189300287807,-7034297778254,6155002509553,-28768197631,-12607699916,-2670436444735,-278242221928,3341235304930,42944840145,0,-41397280968,1547559177,3342782864107,-522861656123,-22540309094,2797380898890,6651782739,2790729116151,VNM,2026-02-10,VCI
VNM,2018,4,0.05,13015322214890,2299484602646,0.32,179352995411,-13558039918,13015322214890,-11615162320,13003707052570,-6841121640431,6162585412139,-25209490540,11519567572,-3360732757821,-330480105254,2637035621507,102759176301,0,-59295172797,43464003504,2680499625011,-429640603111,33418089628,2284277111528,-15207491118,2299484602646,VNM,2026-02-10,VCI
VNM,2018,3,0.03,13743498637314,2560125311355,-0.05,185624961638,-11981786169,13743498637314,-8238352165,13735260285149,-7241743387120,6493516898029,-30214111816,2434256608,-3410558802715,-286976405586,2953826796158,140125403777,0,-59984156079,80141247698,3033968043856,-459229929862,-14269248815,2560468865179,343553824,2560125311355,VNM,2026-02-10,VCI
VNM,2018,2,0.03,13738445876697,2666357498655,-0.09,204682217710,-17272008785,13738445876697,-35965264736,13702480611961,-7233869770150,6468610841811,-43269224405,-5581957834,-3176108660455,-275630198859,3172703017968,61246215455,0,-73183528240,-11937312785,3160765705183,-481277512341,-1649660072,2677838532770,11481034115,2666357498655,VNM,2026-02-10,VCI
VNM,2018,1,0.00,12131963698383,2701313738808,-0.08,190257216242,-8555583980,12131963698383,-11461677471,12120502020912,-6633808703800,5486693317112,-19314174913,14061854211,-2318536685442,-240213522091,3112948005119,146116534447,0,-82601647493,63514886954,3176462892073,-504757180169,11339489858,2683045201762,-18268537046,2701313738808,VNM,2026-02-10,VCI
VNM,2017,4,0.04,12365038508333,1744612719962,-0.05,198187222069,-5015216618,12365038508333,-14670351193,12350368157140,-6746495866265,5603872290875,-12485879856,23150316782,-3200002985773,-528231353057,2084489611040,60761998456,0,-59430569541,1331428915,2085821039955,-352559669748,-3947883514,1729313486693,-15299233269,1744612719962,VNM,2026-02-10,VCI
VNM,2017,3,0.09,13308557627263,2693903760050,0.06,213488861058,-7006245652,13308557627263,-15479806923,13293077820340,-7022778495998,6270299324342,-17833795652,8393748492,-2980515590409,-265435950848,3228396596983,65331706324,0,-70713968872,-5382262548,3223014334435,-528097208664,2150517050,2697067642821,3163882771,2693903760050,VNM,2026-02-10,VCI
VNM,2017,2,0.07,13386878196373,2922080403930,0.04,204884142516,-4023632084,13386878196373,-38616981182,13348261215191,-6807419327845,6540841887346,-29056344259,18980009176,-3052625245294,-239797745989,3443226703496,56563334106,0,-55767691611,795642495,3444022345991,-558115578219,30881221922,2916787989694,-5292414236,2922080403930,VNM,2026-02-10,VCI
VNM,2017,1,0.16,12074425433110,2935068264904,0.36,199756552892,-13393474209,12074425433110,-25056740672,12049368692438,-6230237376368,5819131316070,-27661528509,16609907192,-2303389750323,-234141221196,3470305276126,30423547544,0,-24641159915,5782387629,3476087663755,-528294248598,-12787981199,2935005433958,-62830946,2935068264904,VNM,2026-02-10,VCI
VNM,2016,4,0.06,11838267527921,1828963840162,-0.04,194133215944,-19574144919,11838267527921,-30656778415,11807610749506,-6327315699575,5480295049931,-33702023732,-6270069878,-3192490113496,-296402762521,2145563296248,94658510605,0,-36051875486,58606635119,2204169931367,-377978824943,2096140601,1828287247025,-676593137,1828963840162,VNM,2026-02-10,VCI
VNM,2016,3,0.16,12265677025262,2548780232660,0.19,169271935716,-9907013298,12265677025262,-60987314032,12204689711230,-7119260938520,5085428772710,-19549972161,-6603893345,-1903770503253,-276732260276,3048044079391,27844184416,0,-31014955634,-3170771218,3044873308173,-498604148841,3145819201,2549414978533,634745873,2548780232660,VNM,2026-02-10,VCI
VNM,2016,2,0.19,12491188129344,2815396006252,0.29,190482840251,-8704401479,12491188129344,-42058069422,12449130059922,-7076434228481,5372695831441,-16279255702,17374265382,-1939456049038,-251558412379,3373259219955,15745070352,0,-26933923148,-11188852796,3362070367159,-542788710352,5061878547,2824343535354,8947529102,2815396006252,VNM,2026-02-10,VCI
VNM,2016,1,0.18,10369870419298,2157189051310,0.39,168672783352,-8313790353,10369870419298,-36961539682,10332908879616,-5306197718187,5026711161429,-32919061976,11978412638,-2352461137700,-228558093802,2593424063941,44073835871,0,-10984935615,33088900256,2626512964197,-463895734708,-833212911,2161784016578,4594965268,2157189051310,VNM,2026-02-10,VCI
VNM,2015,4,0.17,11137559011052,1896074486906,0.10,155171921437,-8538729589,11137559011052,-38996898159,11098562112893,-6682174666160,4416387446733,-25345170807,-8199676462,-1753941065481,-555475193234,2228598262186,57090667643,0,123742634,57214410277,2285812672463,-205263128400,-179973335784,1900576208279,4501721373,1896074486906,VNM,2026-02-10,VCI
VNM,2015,3,0.18,10577328695731,2135307519344,0.55,176056927471,-7823572163,10577328695731,-28002264153,10549326431578,-6199266897541,4350059534037,-87075139074,2309601970,-1665909228418,-220531048232,2554910647754,19904206682,0,-21036836062,-1132629380,2553778018374,-393536628552,-37674897385,2122566492437,-12741026907,2135307519344,VNM,2026-02-10,VCI
VNM,2015,2,0.11,10520023895689,2185170750754,0.39,173798877003,-6783629838,10520023895689,-19913258409,10500110637280,-6113114652804,4386995984476,-22021396187,24361937174,-1687220323247,-254796162804,2621118916415,18676238132,0,-17310439591,1365798541,2622484714956,-517885257551,81622565231,2186222022636,1051271882,2185170750754,VNM,2026-02-10,VCI
VNM,2015,1,0.12,8771338508049,1556856874239,0.12,143954016127,-8131520374,8771338508049,-55302594481,8716035913568,-5607063936578,3108971976990,-28398401871,0,-1150436002987,-201920173771,1872171414488,70601127882,-5572888422,-32134003356,38467124526,1905065650592,-355290309090,10412686843,1560188028345,3331154106,1556856874239,VNM,2026-02-10,VCI
VNM,2014,4,0.14,9493406227102,1729732339884,0.18,132495147774,-9075994158,9493406227102,-158409123814,9334997103288,-5784904022632,3550093080656,-8571208310,0,-1436751699576,-218823368088,2018441952456,193261747775,15412697290,-50195086093,143066661682,2176921311428,-431496798279,-15456443517,1729968069632,235729748,1729732339884,VNM,2026-02-10,VCI
VNM,2014,3,0.09,8926519844239,1376257970174,-0.19,180877176182,-7423763901,8926519844239,-195077103309,8731442740930,-5702842521890,3028600219040,-34205341281,0,-1279872681010,-202711610267,1692687762664,52818800355,13249867902,-35634638047,17184162308,1723121792874,-362550763446,6846444831,1367417474259,-8840495915,1376257970174,VNM,2026-02-10,VCI
VNM,2014,2,0.15,9439872135375,1575435749520,-0.15,132596919103,-12410656942,9439872135375,-207529993653,9232342141722,-6067063430918,3165278710804,-30036221972,0,-1158497483244,-203140968830,1906200955861,75057403348,20342364897,-31630383828,43427019520,1969970340278,-439313895004,45913409285,1576569854559,1134105039,1575435749520,VNM,2026-02-10,VCI
VNM,2014,1,0.15,7843977969639,1387381637264,-0.09,127600310103,-10671322757,7843977969639,-165831622403,7678146347236,-5113641159048,2564505188188,-8884980856,0,-821020850885,-170689119204,1691510547346,46322072379,10882447209,-5359650595,40962421784,1743355416339,-347296983650,-1810864830,1394247567859,6865930595,1387381637264,VNM,2026-02-10,VCI
VNM,2013,4,0.00,8343607997241,1470050013140,0.00,134326285576,0,8343607997241,-169575276621,8174032720620,-5504672588238,2669360132382,-17340149689,0,-952807971463,-162680494685,1670857802121,182301804312,14865559708,-28449549756,153852254556,1839575616385,-336326843783,-33225106669,1470023665933,-26347207,1470050013140,VNM,2026-02-10,VCI
VNM,2013,3,0.00,8190579893928,1690469004691,0.00,133834846599,0,8190579893928,-162862218618,8027717675310,-5092778691607,2934938983703,-29727666522,0,-876130733210,-151060682556,2011854748014,35791315029,16808081518,-8246165270,27545149759,2056207979291,-381471706850,15732732250,1690469004691,0,1690469004691,VNM,2026-02-10,VCI
VNM,2013,2,0.00,8234419301214,1842776407795,0.00,129367036632,0,8234419301214,-163966629910,8070452671304,-4948104950134,3122347721170,-22644656797,0,-879032986417,-159278435934,2190758678654,60324998160,6323125420,-10856251678,49468746482,2246550550556,-440979068238,37204925477,1842776407795,0,1842776407795,VNM,2026-02-10,VCI
VNM,2013,1,0.00,6817399941239,1530838237208,0.00,109819540709,0,6817399941239,-141000881167,6676399060072,-4220237450495,2456161609577,-21078344482,0,-568459937576,-138235893075,1838206975153,35039781518,5943849146,-11267895330,23771886188,1867922710487,-324670597789,-12413875490,1530838237208,0,1530838237208,VNM,2026-02-10,VCI
FPT,2025,4,0.15,20258866135395,2502704371685,0.19,553701777401,-207025852637,20258866135395,-33415777986,20225450357409,-13171300027162,7054150330247,-476741111428,283746137174,-2045175725062,-1892395897574,3477285510758,40088826860,0,-18969733714,21119093146,3498404603904,-487956258402,-22299782949,2988148562553,485444190868,2502704371685,FPT,2026-02-10,VCI
FPT,2025,3,0.08,17225507121683,2434841434732,0.17,613110473502,-233582914481,17225507121683,-20985896381,17204521225302,-10685654746292,6518866479010,-352575079871,130833425587,-1916582832643,-1647276732839,3346375732746,34839399621,0,-6476534277,28362865344,3374738598090,-589553627034,116360781594,2901545752650,466704317918,2434841434732,FPT,2026-02-10,VCI
FPT,2025,2,0.09,16658335760739,2257462588123,0.20,1237012067887,-216761295705,16658335760739,-33622720672,16624713040067,-10603672997092,6021040042975,-531385256080,106714935715,-1790295896888,-1913677311579,3129408582030,28751046396,0,-17127043966,11624002430,3141032584460,-463961750401,63200566619,2740271400678,482808812555,2257462588123,FPT,2026-02-10,VCI
FPT,2025,1,0.14,16064980391264,2174301386525,0.21,573331893191,-152389538333,16064980391264,-6839448804,16058140942460,-9756793038194,6301347904266,-311343769364,136730336838,-1828785929282,-1877437056836,2993843378813,39212521539,0,-8362389503,30850132036,3024693510849,-377287599563,-51848430977,2595557480309,421256093784,2174301386525,FPT,2026-02-10,VCI
FPT,2024,4,0.20,17651065378939,2094725967705,0.21,582674583940,-134854268998,17651065378939,-43247573048,17607817805891,-11230248103366,6377569702525,-831375395433,116894742188,-1594938073232,-1729950878232,2920874681756,68481380356,0,-30860884043,37620496313,2958495178069,-530698618727,73049924176,2500846483518,406120515813,2094725967705,FPT,2026-02-10,VCI
FPT,2024,3,0.16,15972397069700,2088852212408,0.20,326689006856,-128825950601,15972397069700,-69575353943,15902821715757,-9743866051351,6158955664406,-308178806879,142580948775,-1563862943636,-1807957864952,2948226004570,34674999189,0,-74280370385,-39605371196,2908620633374,-441224951554,11201940680,2478597622500,389745410092,2088852212408,FPT,2026-02-10,VCI
FPT,2024,2,0.22,15245892288520,1875158768537,0.24,569292544523,-150125422101,15245892288520,-665872500,15245226416020,-9593869093122,5651357322898,-337927906368,58601427292,-1588212329172,-1712658095576,2640452963597,27511312610,0,1004275617,28515588227,2668968551824,-561248620389,179993203349,2287713134784,412554366247,1875158768537,FPT,2026-02-10,VCI
FPT,2024,1,0.21,14093297397476,1798030863528,0.20,457092979986,-137833720086,14093297397476,-368983777,14092928413699,-8582462733612,5510465680087,-334065273301,74454138017,-1368948625743,-1823471776014,2515527123032,44782907585,0,-26727976065,18054931520,2533582054552,-389755423988,16438659078,2160265289642,362234426114,1798030863528,FPT,2026-02-10,VCI
FPT,2023,4,0.13,14695806584757,1728399961335,0.28,520345470835,-206644073232,14695806584757,-5393881434,14690412703323,-9058549143162,5631863560161,-527556384763,58146301170,-1316156285395,-1979944371544,2386698290464,64518573767,0,-16124064640,48394509127,2435092799591,-424981344481,41129315871,2051240770981,322840809646,1728399961335,FPT,2026-02-10,VCI
FPT,2023,3,0.23,13761831884948,1739340360244,0.20,516203046415,-265654864395,13761831884948,-86909091,13761744975857,-8265376008841,5496368967016,-406428287129,39896110382,-1434174354947,-1773504449852,2438361031885,46849960698,0,-56060532724,-9210572026,2429150459859,-344595196181,-8685907653,2075869356025,336528995781,1739340360244,FPT,2026-02-10,VCI
FPT,2023,2,0.24,12484515133084,1509219531243,0.21,623044115643,-212364005360,12484515133084,-150868182,12484364264902,-7850539957865,4633824307037,-287498451679,-65748307687,-1238296534096,-1475558757945,2189766371273,46978996702,0,-18612734628,28366262074,2218132633347,-337905337939,-24645039772,1855582255636,346362724393,1509219531243,FPT,2026-02-10,VCI
FPT,2023,1,0.20,11683021258544,1493562580890,0.21,676476546426,-147985668274,11683021258544,-1642375241,11681378883303,-7113499882609,4567879000694,-496815340139,43757073944,-1101871534159,-1592492464630,2096933282136,42879374489,0,-19169009527,23710364962,2120643647098,-308330144701,-2514048503,1809799453894,316236873004,1493562580890,FPT,2026-02-10,VCI
FPT,2022,4,0.22,13053462794764,1351601105816,0.04,526329659816,-156583283497,13053462794764,-11036523655,13042426271109,-7801152486947,5241273784162,-644381295008,98197938512,-1481341041915,-1761816901184,1978262144383,67004874960,0,-56238388429,10766486531,1989028630914,-335964806453,-33171856353,1619891968108,268290862292,1351601105816,FPT,2026-02-10,VCI
FPT,2022,3,0.28,11148779552748,1453716280969,0.29,549704414876,-166542329315,11148779552748,-220532395,11148559020353,-6789073328096,4359485692257,-413926492214,91215132079,-1131402372888,-1461418832201,1993657541909,46394199264,0,-12026921249,34367278015,2028024819924,-306452921896,34425563561,1755997461589,302281180620,1453716280969,FPT,2026-02-10,VCI
FPT,2022,2,0.17,10096707659064,1250820478762,0.25,506153596907,-176780202333,10096707659064,-647568105,10096060090959,-6253371741649,3842688349310,-336841342151,86152785186,-1013823056754,-1248160216741,1836170115757,39323957365,0,-17649446735,21674510630,1857844626387,-284120033909,-12150301093,1561574291385,310753812623,1250820478762,FPT,2026-02-10,VCI
FPT,2022,1,0.28,9731832420600,1238879424986,0.37,415786301903,-145819741163,9731832420600,-1578576209,9730253844391,-5776932551838,3953321292553,-267572525432,208830242201,-1007092497146,-1530572234992,1772700579087,31763099753,0,-25415832160,6347267593,1779047846680,-264151335856,23661603650,1538558114474,299678689488,1238879424986,FPT,2026-02-10,VCI
FPT,2021,4,0.23,10714772437502,1301522104628,0.32,372542134940,-138051289994,10714772437502,-10716804222,10704055633280,-6609687457941,4094368175339,-366884116683,272533380299,-1225942020370,-1406871909119,1739745644406,29667007222,0,-9010426161,20656581061,1760402225467,-217583188887,16995648309,1559814684889,258292580261,1301522104628,FPT,2026-02-10,VCI
FPT,2021,3,0.15,8687049614341,1124838737907,0.21,332266541305,-120148949616,8687049614341,38122342631,8725171956972,-5474243222947,3250928734025,-272888215242,147867487076,-804023830463,-1071115122466,1583035594235,59501680279,0,-3964502630,55537177649,1638572771884,-238201206888,-25756489578,1374615075418,249776337511,1124838737907,FPT,2026-02-10,VCI
FPT,2021,2,0.23,8625504443301,1000031075983,0.14,240540286743,-124530447801,8625504443301,16202841520,8641707284821,-5201526141916,3440181142905,-361830175777,149843474585,-829919009383,-1115156026481,1523659692592,20800020852,0,-4995194970,15804825882,1539464518474,-276489905177,-3308163405,1259666449892,259635373909,1000031075983,FPT,2026-02-10,VCI
FPT,2021,1,0.14,7605674678535,906142681183,0.21,325440423279,-99817213604,7605674678535,-19347008581,7586327669954,-4691800715286,2894526954668,-141136993354,115085619364,-852114921328,-961763590894,1380037491735,23250469269,0,-6536749667,16713719602,1396751211337,-224526320456,-21522267377,1150702623504,244559942321,906142681183,FPT,2026-02-10,VCI
FPT,2020,4,0.07,8700729240329,982843692181,0.30,223126152055,-98553625985,8700729240329,-34024627352,8666704612977,-5195783662734,3470920950243,-152060434779,94915649543,-858582754238,-1355121201405,1423198361419,45331089591,0,-21209410608,24121678983,1447320040402,-307035001474,112303662813,1252588701741,269745009560,982843692181,FPT,2026-02-10,VCI
FPT,2020,3,0.06,7578691043196,928887800638,-0.03,218188627566,-85791923680,7578691043196,-25562539124,7553128504072,-4554350312294,2998778191778,-108899945949,67778123792,-627451667728,-1178990862353,1369402467106,38544844655,0,-22068339875,16476504780,1385878971886,-238992006582,1744406809,1148631372113,219743571475,928887800638,FPT,2026-02-10,VCI
FPT,2020,2,0.02,6997263488982,878710517511,0.11,202241950450,-101366297422,6997263488982,-17260990645,6980002498337,-4258247824386,2721754673951,-106159096432,69375800441,-683173737264,-935997082261,1268042508885,28388165756,0,-10937566638,17450599118,1285493108003,-186395040913,-14876078696,1084221988394,205511470883,878710517511,FPT,2026-02-10,VCI
FPT,2020,1,0.17,6645014371789,747105139041,0.19,178339694711,-99625907809,6645014371789,-14449460351,6630564911438,-4006186532912,2624378378526,-181045734457,80123998402,-620220561506,-954039290004,1127536485672,19137086947,0,-4383703792,14753383155,1142289868827,-204460980777,-866313197,936962574853,189857435812,747105139041,FPT,2026-02-10,VCI
FPT,2019,4,0.17,8146869581144,757233806198,-0.04,206123383314,-120746859238,8146869581144,-26681706948,8120187874196,-5049159596679,3071028277517,-171720224922,66457196433,-727169234250,-1309144643796,1135574754296,82751354248,0,-61262096656,21489257592,1157064011888,-191033987289,5880124990,971910149589,214676343391,757233806198,FPT,2026-02-10,VCI
FPT,2019,3,0.18,7138804848615,960108010842,0.32,165793907640,-100505919296,7138804848615,-34430711072,7104374137543,-4321648868311,2782725269232,-130422355652,119413684118,-559023139084,-1031084693003,1347402673251,34369794908,0,-13301440288,21068354620,1368471027871,-207591704145,-1167367480,1159711956246,199603945404,960108010842,FPT,2026-02-10,VCI
FPT,2019,2,0.25,6834181383787,791704283229,0.33,164115058319,-72389484923,6834181383787,-8262859189,6825918524598,-4247788982478,2578129542120,-204225331566,124252626107,-566455497992,-931280807507,1164535589481,9543483977,0,4549676842,14093160819,1178628750300,-195218949865,2757431817,986167232252,194462949023,791704283229,FPT,2026-02-10,VCI
FPT,2019,1,0.19,5672126363409,626304276321,0.23,153577698004,-72702857836,5672126363409,-5646747345,5666479616064,-3387149316396,2279330299668,-121303122605,94803959655,-488586048888,-980588763923,937234021911,34065047811,0,-10932348107,23132699704,960366721615,-168144970817,1701077956,793922828754,167618552433,626304276321,FPT,2026-02-10,VCI
FPT,2018,4,-0.45,6975082049864,786460440897,-0.45,216866279123,-74811405467,6975082049864,-22635461291,6952446588573,-4381235841117,2571210747456,-89173349173,110723377378,-665496334471,-1057696129042,1086434591271,-14195905985,0,42294318080,28098412095,1114533003366,-186086845761,-2014306016,926431851589,139971410692,786460440897,FPT,2026-02-10,VCI
FPT,2018,3,-0.45,6047729557924,724917924600,0.24,124076383785,-62035657522,6047729557924,-11670624489,6036058933435,-3740388690646,2295670242789,-66603046663,112620018554,-507534958450,-900927435586,1057301204429,13190925207,0,-19815203633,-6624278426,1050676926003,-160198530011,-214570816,890263825176,165345900576,724917924600,FPT,2026-02-10,VCI
FPT,2018,2,-0.46,5479349328640,594282345873,0.16,112699870321,-55088753336,5479349328640,-5086604540,5474262724100,-3473590126697,2000672597403,-70016554956,117921377105,-451959254396,-829766036904,879551998573,27692097787,0,-929876011,26762221776,906314220349,-147070816024,-214570816,759028833509,164746487636,594282345873,FPT,2026-02-10,VCI
FPT,2018,1,-0.50,4756965340838,509013722111,0.23,153492560984,-46408615422,4756965340838,-6196729221,4750768611617,-2895208284813,1855560326804,-142295399439,97762341652,-422707405722,-770426481175,771385943104,33761809018,0,-24369541270,9392267748,780778210852,-106062709043,-21947069543,652768432266,143754710155,509013722111,FPT,2026-02-10,VCI
FPT,2017,4,0.00,12661494286639,1419645450459,1.15,1135241449538,-70422375454,12661494286639,-165756933974,12495737352665,-9645315336292,2850422016373,-128504532260,37741436879,-868666020456,-1104104575075,1922129774999,29884696213,0,-11819589933,18065106280,1940194881279,-347754157643,-25197182552,1567243541084,147598090625,1419645450459,FPT,2026-02-10,VCI
FPT,2017,3,0.00,10973968764817,582640652429,0.00,174827996803,-85119266199,10973968764817,-142770727372,10831198037445,-8415361412069,2415836625376,-138678362738,10845866292,-756295421886,-824284528308,882252175539,35213205592,0,-35812634158,-599428566,881652746973,-145050581744,7428830805,744030996034,161390343605,582640652429,FPT,2026-02-10,VCI
FPT,2017,2,0.10,10089127514119,511685685004,-0.01,162595733081,-100132120954,10089127514119,-142424915339,9946702598780,-7515123047941,2431579550839,-188908861759,10544051485,-722126928368,-914566795503,779116749775,16805228346,0,-12439019431,4366208915,783482958690,-98141264517,-14884471894,670457222279,158771537275,511685685004,FPT,2026-02-10,VCI
FPT,2017,1,0.10,9606952451575,412899887330,0.19,165921890251,-112871916941,9606952451575,-188832883954,9418119567621,-7342606178604,2075513389017,-200267169456,10193812104,-729390435161,-692060517287,629910969468,26062430404,0,-12728605121,13333825283,643244794751,-107047737440,4142876155,540339933466,127440046136,412899887330,FPT,2026-02-10,VCI
FPT,2016,4,0.20,12615351927832,661138145325,-0.00,240044516526,-102512653453,12615351927832,-215778838062,12399573089770,-9612445517435,2787127572335,-279516757986,9851435054,-840785657504,-930675552502,986045555923,33744471774,0,-17492788425,16251683349,1002297239272,-177169809141,6399395436,831526825567,170388680242,661138145325,FPT,2026-02-10,VCI
FPT,2016,3,0.02,9963512585089,467811292728,0.20,139922422113,-104295791626,9963512585089,-208224234993,9755288350096,-7538707301267,2216581048829,-192112127954,7952766676,-698480385735,-724849944238,749013779691,16804138916,0,-11731785178,5072353738,754086133429,-87796091824,1175755492,667465797097,199654504369,467811292728,FPT,2026-02-10,VCI
FPT,2016,2,-0.03,9213317509766,516003095436,0.13,159032637935,-107257164992,9213317509766,-254791077187,8958526432579,-7024976073110,1933550359469,-223845440891,9941580589,-574760435470,-629558175148,674360526484,32176848795,0,-11767717682,20409131113,694769657597,-74546875005,9966818431,630189601023,114186505587,516003095436,FPT,2026-02-10,VCI
FPT,2016,1,-0.01,8702590304172,345690044903,-0.19,161405373886,-63801798833,8702590304172,-236072043153,8466518261019,-6780366914104,1686151346915,-124384876152,7387580051,-597560642366,-578217447989,554781334345,18635534991,0,-10671233393,7964301598,562745635943,-85635186968,-30601827384,446508621591,100818576688,345690044903,FPT,2026-02-10,VCI
FPT,2015,4,-0.32,10476293038008,662357845998,0.47,157336802226,-105133994523,10476293038008,-27250254334,10449042783674,-8290362197319,2158680586355,-165561862702,8848742276,-500710078079,-815101921953,843492268123,54002904929,0,-15405975614,38596929315,882089197438,-162692014996,61324194878,780721377320,118363531322,662357845998,FPT,2026-02-10,VCI
FPT,2015,3,-0.28,9728980764776,389063984750,-0.00,111424116814,-54828938991,9728980764776,-201517258200,9527463506576,-7612866881691,1914596624885,-194923018629,7754671095,-589228067063,-627797566145,621826760957,44791672713,0,-48118470482,-3326797769,618499963188,-107228020329,7954519993,519226462852,130162478102,389063984750,FPT,2026-02-10,VCI
FPT,2015,2,-0.12,9479161552625,456633177453,0.07,98267830949,-65642153436,9479161552625,-150621636728,9328539915897,-7526627132917,1801912782980,-142841952425,8970427651,-523476460522,-531229058610,711603570023,12063446445,0,-18642470839,-6579024394,705024545629,-125417226089,10901745594,590509065134,133875887681,456633177453,FPT,2026-02-10,VCI
FPT,2015,1,-0.20,8758070943956,424660831199,0.17,89420051565,-40841485197,8758070943956,-116589493666,8641481450290,-6951763574350,1689717875940,-120816576677,0,-522723919797,-506656453189,628940977842,38083316195,8900846196,-30593135201,7490180994,645332005032,-101775111228,3791884748,547348778552,122687947353,424660831199,FPT,2026-02-10,VCI
FPT,2014,4,0.36,15407479354559,450528882174,-0.05,109430790906,-91952795323,15407479354559,-74288021511,15333191333048,-13564975357078,1768215975970,-129236167175,0,-542275938406,-593725112616,612409548679,103061210795,12804742843,-97472128534,5589082261,630803373783,-100607451803,3440252539,533636174519,83107292345,450528882174,FPT,2026-02-10,VCI
FPT,2014,3,0.13,13536552309844,389097954831,0.18,98394902661,-49194248354,13536552309844,-59337401734,13477214908110,-11870554158755,1606660749355,-77732928024,0,-415170114454,-621219823005,590932786533,40894534832,10017911454,-42420969379,-1526434547,599424263440,-102582797721,6880067743,503721533462,114623578631,389097954831,FPT,2026-02-10,VCI
FPT,2014,2,0.15,10733370147857,427585557091,-0.04,75899632592,-47212296680,10733370147857,-47959136695,10685411011162,-9131407438258,1554003572904,-88081178482,0,-387407906435,-526030515916,628383604663,26772619527,7702177067,-17853916881,8918702646,645004484376,-96429427589,8883281242,557458338029,129872780938,427585557091,FPT,2026-02-10,VCI
FPT,2014,1,0.27,10917007018701,361517383294,0.01,83919239549,-35506573224,10917007018701,-49685343347,10867321675354,-9522263035169,1345058640185,-61447491419,0,-344492563430,-456174862257,566862962628,37979782413,10333768081,-33605874655,4373907758,581570638467,-105743731666,5126536321,480953443122,119436059828,361517383294,FPT,2026-02-10,VCI
FPT,2013,4,0.00,11312683119637,474009965781,0.00,183905929068,-33207510570,11312683119637,-29256140371,11283426979266,-9645313343949,1638113635317,-59138016837,0,-477727928366,-608518128319,676635490863,25294979068,8940007932,-34478752843,-9183773775,676391725020,-141070855257,5902675341,541223545104,67213579323,474009965781,FPT,2026-02-10,VCI
FPT,2013,3,0.00,12022073340628,330589868211,0.00,60335678666,-33765560183,12022073340628,-21473944372,12000599396256,-10654524368153,1346075028103,-65079637611,0,-344080456028,-450431684294,546818928836,59853465674,4531540007,-48674479654,11178986020,562529454863,-105574858120,8154888208,465109484951,134519616740,330589868211,FPT,2026-02-10,VCI
FPT,2013,2,0.54,9356174311168,444785653324,1.11,78484913031,-29936292950,9356174311168,-19612747020,9336561564148,-7971355071365,1365206492783,-83267090537,0,-296759398864,-387784949629,675879966784,43904284009,6826390262,-24285908367,19618375642,702324732688,-124887149259,6861416500,584298999929,139513346605,444785653324,FPT,2026-02-10,VCI
FPT,2013,1,0.52,8624746682345,358322731666,1.31,62994839537,-35581809119,8624746682345,-13707363596,8611039318749,-7417863368376,1193175950373,-63070822216,0,-254508011272,-386688876377,551903080045,56173108966,1222948079,-34915057449,21258051517,574384079641,-105484897365,5781783050,474680965326,116358233660,358322731666,FPT,2026-02-10,VCI
FPT,2007,2,0.00,6070562308072,210921693967,0.00,5532058064,-11081556679,6070562308072,0,6070562308072,-5509316749370,561245558702,-16784251502,0,-134534139655,-147170754656,268288470953,36403592099,0,-5182055209,31221536890,299510007843,-42892807575,0,256617200268,45695506301,210921693967,FPT,2026-02-10,VCI
FPT,2007,1,0.00,5663584718970,155046633674,0.00,10100065262,-9609988640,5663584718970,0,5663584718970,-5260653226564,402931492406,-13644174369,0,-110290430549,-126899651618,162197301132,51239438177,0,-6714887705,44524550472,206721851604,-27266211127,0,179455640477,24409006803,155046633674,FPT,2026-02-10,VCI
VIC,2025,4,1.63,163172673000000,6768417000000,2.09,10604897000000,-8221721000000,163172673000000,-13272000000,163159401000000,-126151720000000,37007681000000,-16517839000000,609584000000,-12699153000000,-5382229000000,13622941000000,361606000000,0,-2867712000000,-2506106000000,11116835000000,-7162558000000,-372955000000,3581322000000,-3187095000000,6768417000000,VIC,2026-02-10,VCI
VIC,2025,3,-0.38,39143023000000,640184000000,-0.88,33505199000000,-9027158000000,39143023000000,-7920000000,39135103000000,-46425078000000,-7289975000000,-11787443000000,217925000000,-5780237000000,-4036012000000,4829457000000,676227000000,0,-1481307000000,-805080000000,4024377000000,-1180051000000,181012000000,3025338000000,2385154000000,640184000000,VIC,2026-02-10,VCI
VIC,2025,2,0.10,46435488000000,-940909000000,0.73,2506905000000,-7614201000000,46435488000000,-12999000000,46422489000000,-43007211000000,3415278000000,-11617305000000,85634000000,-5435610000000,-3118332000000,-14163430000000,18692171000000,0,-751681000000,17940490000000,3777060000000,-1353012000000,-127515000000,2296533000000,3237442000000,-940909000000,VIC,2026-02-10,VCI
VIC,2025,1,2.87,84057598000000,6978763000000,-0.12,3881715000000,-6102357000000,84057598000000,-4249000000,84053349000000,-64848134000000,19205215000000,-7903431000000,225050000000,-4684338000000,-5566348000000,5157863000000,5350497000000,0,-3126497000000,2224000000000,7381863000000,-4747228000000,-391366000000,2243269000000,-4735494000000,6978763000000,VIC,2026-02-10,VCI
VIC,2024,4,1.26,62156465000000,2192432000000,14.81,10112054000000,-6919631000000,62156465000000,-4058000000,62152407000000,-52964454000000,9187953000000,-7714717000000,163184000000,-5937317000000,-4861211000000,949946000000,5732844000000,0,-1235905000000,4496939000000,5446885000000,-3463508000000,-775862000000,1207515000000,-984917000000,2192432000000,VIC,2026-02-10,VCI
VIC,2024,3,0.31,62862398000000,5294923000000,8.91,8572435000000,-5608268000000,62862398000000,-12381000000,62850017000000,-49776513000000,13073504000000,-7603299000000,216651000000,-5158086000000,-3511074000000,5590131000000,377588000000,0,-1262322000000,-884734000000,4705397000000,-4742333000000,2051847000000,2014911000000,-3280012000000,5294923000000,VIC,2026-02-10,VCI
VIC,2024,2,-0.10,42332284000000,-3529017000000,-2.93,10300290000000,-5622417000000,42332284000000,-5170000000,42327114000000,-35190202000000,7136912000000,-8613126000000,483574000000,-3637934000000,-3447487000000,2222229000000,2882661000000,0,-977463000000,1905198000000,4127427000000,-3478515000000,75965000000,724877000000,4253894000000,-3529017000000,VIC,2026-02-10,VCI
VIC,2024,1,-0.44,21739452000000,7934469000000,6.44,18940713000000,-4829728000000,21739452000000,-950000000,21738502000000,-23693642000000,-1955140000000,-7276953000000,-14636000000,-3320582000000,-3436064000000,2937338000000,1075553000000,0,-1519012000000,-443459000000,2493879000000,-1229219000000,70416000000,1335076000000,-6599393000000,7934469000000,VIC,2026-02-10,VCI
VIC,2023,4,-0.33,27451788000000,-158766000000,-1.10,5630560000000,-5379584000000,27451788000000,-24016000000,27427772000000,-30246755000000,-2818983000000,-6040548000000,3524000000,-3116062000000,-5046501000000,-11388010000000,14175489000000,0,-1481631000000,12693858000000,1305848000000,-14554000000,-796625000000,494669000000,653435000000,-158766000000,VIC,2026-02-10,VCI
VIC,2023,3,0.67,47955856000000,-669037000000,-1.71,1311631000000,-5504380000000,47955856000000,-7950000000,47947906000000,-36208361000000,11739545000000,-8209852000000,17845000000,-3225379000000,-3778148000000,-2144358000000,7312453000000,0,-692763000000,6619690000000,4475332000000,-3913879000000,5815000000,567268000000,1236305000000,-669037000000,VIC,2026-02-10,VCI
VIC,2023,2,2.53,47284619000000,1824140000000,-0.46,4189228000000,-3194591000000,47284619000000,10608000000,47295227000000,-36644667000000,10650560000000,-4472301000000,-8567000000,-3120746000000,-3051254000000,4186920000000,114199000000,0,-665590000000,-551391000000,3635529000000,-3757492000000,521938000000,399975000000,-1424165000000,1824140000000,VIC,2026-02-10,VCI
VIC,2023,1,1.14,38974698000000,1066235000000,-0.57,10066516000000,-3331489000000,38974698000000,-11323000000,38963375000000,-34528471000000,4434904000000,-3794874000000,-110627000000,-2581036000000,-3213035000000,4801848000000,220710000000,0,-758271000000,-537561000000,4264287000000,-3604350000000,-70788000000,589149000000,-477086000000,1066235000000,VIC,2026-02-10,VCI
VIC,2022,4,0.19,41172043000000,1558987000000,1.26,2529341000000,-2953960000000,41172043000000,-4189000000,41167854000000,-28363383000000,12804471000000,-2269396000000,-3360000000,-3683344000000,-5170071000000,4207641000000,186298000000,0,-439198000000,-252900000000,3954741000000,-3618126000000,73706000000,410321000000,-1148666000000,1558987000000,VIC,2026-02-10,VCI
VIC,2022,3,-0.04,28791594000000,946781000000,3.69,9998675000000,-3036936000000,28791594000000,-49238000000,28742356000000,-22984053000000,5758303000000,-5064995000000,-31135000000,-1914861000000,-3756101000000,4989886000000,500370000000,0,-237936000000,262434000000,5252320000000,-4731400000000,-14574000000,506346000000,-440435000000,946781000000,VIC,2026-02-10,VCI
VIC,2022,2,-0.64,13384639000000,3392329000000,1.34,10352827000000,-3689078000000,13384639000000,-292000000,13384347000000,-18103498000000,-4719151000000,-4163347000000,-42079000000,-1912816000000,-2832070000000,-3316636000000,5083850000000,0,-208633000000,4875217000000,1558581000000,-1470888000000,465429000000,553122000000,-2839207000000,3392329000000,VIC,2026-02-10,VCI
VIC,2022,1,-0.22,18239222000000,2453756000000,0.17,10737739000000,-1372279000000,18239222000000,-10312000000,18228910000000,-18023838000000,205072000000,-2787411000000,-4285000000,-1734578000000,-4589518000000,1827019000000,198925000000,0,-97791000000,101134000000,1928153000000,-1250784000000,-165338000000,512031000000,-1941725000000,2453756000000,VIC,2026-02-10,VCI
VIC,2021,4,-0.04,34478172000000,-5964033000000,-6.41,3212402000000,-2560860000000,34478172000000,-20346000000,34457826000000,-26217840000000,8239986000000,-2788287000000,-5759000000,-2019498000000,-9515758000000,-2876914000000,485013000000,0,-3977010000000,-3491997000000,-6368911000000,-2277454000000,-602505000000,-9248870000000,-3284837000000,-5964033000000,VIC,2026-02-10,VCI
VIC,2021,3,-0.16,30116315000000,-351336000000,-1.23,1536362000000,-2686664000000,30116315000000,-4736000000,30111579000000,-18413296000000,11698283000000,-2814957000000,-11522000000,-1280340000000,-5769054000000,3358772000000,140254000000,0,-184460000000,-44206000000,3314566000000,-2913077000000,-144423000000,257066000000,608402000000,-351336000000,VIC,2026-02-10,VCI
VIC,2021,2,0.61,37480741000000,1449869000000,-0.29,3917045000000,-2623808000000,37480741000000,-38303000000,37442438000000,-26986417000000,10456021000000,-2925425000000,-16462000000,-2057833000000,-5756755000000,3616591000000,168034000000,0,-170294000000,-2260000000,3614331000000,-3194731000000,181965000000,601565000000,-848304000000,1449869000000,VIC,2026-02-10,VCI
VIC,2021,1,0.51,23305458000000,2094056000000,3.78,7128520000000,-2705898000000,23305458000000,-11037000000,23294421000000,-20008967000000,3285454000000,-2769540000000,-7926000000,-1693896000000,-3135593000000,2807019000000,187320000000,0,-208589000000,-21269000000,2785750000000,-1513877000000,-404175000000,867698000000,-1226358000000,2094056000000,VIC,2026-02-10,VCI
VIC,2020,4,-0.07,35923421000000,1102742000000,-0.76,11780480000000,-2725497000000,35923421000000,-102026000000,35821395000000,-30241372000000,5580023000000,-3519563000000,-5716000000,-3465357000000,-6312236000000,4057631000000,321305000000,0,-147498000000,173807000000,4231438000000,-3163873000000,483409000000,1550974000000,448232000000,1102742000000,VIC,2026-02-10,VCI
VIC,2020,3,0.14,35989817000000,1540067000000,2.09,4693043000000,-3003737000000,35989817000000,-76099000000,35913718000000,-29612674000000,6301044000000,-3100654000000,-88276000000,-2025864000000,-2309420000000,3469873000000,206201000000,0,-67511000000,138690000000,3608563000000,-2808764000000,635740000000,1435539000000,-104528000000,1540067000000,VIC,2026-02-10,VCI
VIC,2020,2,-0.40,23352469000000,2045732000000,0.50,6744100000000,-3073404000000,23352469000000,6304000000,23358773000000,-19944575000000,3414198000000,-2596569000000,-41074000000,-1438472000000,-2319240000000,3762943000000,367774000000,0,-1437103000000,-1069329000000,2693614000000,-1734800000000,-62604000000,896210000000,-1149522000000,2045732000000,VIC,2026-02-10,VCI
VIC,2020,1,-0.29,15470516000000,438441000000,-0.58,8934083000000,-2617903000000,15470516000000,-102030000000,15368486000000,-13382536000000,1985950000000,-3605637000000,-122743000000,-1368152000000,-2512722000000,3310779000000,195417000000,0,-77851000000,117566000000,3428345000000,-2670007000000,-253008000000,505330000000,66889000000,438441000000,VIC,2026-02-10,VCI
VIC,2019,4,0.02,38464244000000,4607397000000,0.90,8611984000000,-2087958000000,38464244000000,-288536000000,38175708000000,-29315897000000,8859811000000,-2091552000000,-209857000000,-4701774000000,-4232800000000,6235812000000,385708000000,0,-366570000000,19138000000,6254950000000,-2745144000000,79724000000,3589530000000,-1017867000000,4607397000000,VIC,2026-02-10,VCI
VIC,2019,3,0.35,31581789394113,497614808515,-0.19,1013408932129,-2215048140070,31581789394113,-10871219860,31570918174253,-20290596055885,11280322118368,-2495665239699,-358085773517,-3995585914453,-2832418678163,2611975444665,149863398864,0,-217696795368,-67833396504,2544142048161,-1567249974923,-265262697066,711629376172,214014567657,497614808515,VIC,2026-02-10,VCI
VIC,2019,2,0.22,39241957407663,1362300306361,6.81,887264230744,-1437136788243,39241957407663,-21503540891,39220453866772,-26443132177439,12777321689333,-2092659301749,-55709455767,-3105334079466,-3336122775652,5074760307443,144702135145,0,-307636859166,-162934724021,4911825583422,-3100188742464,579342761422,2390979602380,1028679296019,1362300306361,VIC,2026-02-10,VCI
VIC,2019,1,-0.23,21914710588602,1038254246454,0.13,3439230133986,-1400152788234,21914710588602,-92030956552,21822679632050,-17043520693937,4779158938113,-1453292111984,-94146615800,-2599121115786,-2209635800173,1862193428356,117521520455,0,-51579483013,65942037442,1928135465798,-899482337905,-18901418187,1009751709706,-28502536748,1038254246454,VIC,2026-02-10,VCI
VIC,2018,4,0.14,37808253000000,2419953000000,0.13,3880357000000,-846808000000,37808253000000,-62007000000,37746246000000,-30048278000000,7697968000000,-789893000000,-179506000000,-3301935000000,-2001359000000,5305632000000,309082000000,0,-137675000000,171407000000,5477039000000,-1731981000000,-462000000000,3283058000000,863105000000,2419953000000,VIC,2026-02-10,VCI
VIC,2018,3,0.07,23460387988882,613753250903,0.56,2427767463047,-1054699289624,23460387988882,-4080336643,23456307652239,-16901955391836,6554352260403,-1305351136316,-151322872815,-2534130251858,-2496421270815,2494894191646,201674814383,0,-64450384915,137224429468,2632118621114,-918365705013,-174828642812,1538924273289,925171022386,613753250903,VIC,2026-02-10,VCI
VIC,2018,2,0.61,32250728350440,174416692297,-0.79,637112275325,-1043553207438,32250728350440,-9724997793,32241003352647,-24148034714063,8092968638584,-1511720720115,-76546862645,-2062568210923,-1511438013411,3567807106815,149124739780,0,-162632347564,-13507607784,3554299499031,-3019982984385,202092419834,736408934480,561992242183,174416692297,VIC,2026-02-10,VCI
VIC,2018,1,0.88,28452382009388,919455439382,0.04,533313182083,-994221722021,28452382009388,-1538163355,28450843846033,-21664492289743,6786351556290,-1051930736246,-17542864088,-2213655608065,-1385429722158,2651105807816,99402140715,0,-96355959329,3046181386,2654151989202,-1602800329031,-19140528436,1032211131735,112755692353,919455439382,VIC,2026-02-10,VCI
VIC,2017,4,0.39,33190004318396,2138833806814,13.94,123445010214,-554320858643,33190004318396,-1218461518,33188785856878,-24023547047129,9165238809749,-724387040206,-3914963876,-2437187743176,-2089994975714,4033199096991,241018114672,0,-286548571959,-45530457287,3987668639704,-1285685463536,-26004294371,2675978881797,537145074983,2138833806814,VIC,2026-02-10,VCI
VIC,2017,3,1.06,21979764021964,393417546399,1.24,832866705751,-1135436599915,21979764021964,-7484577432,21972279444532,-14966589454045,7005689990487,-1338979867764,-578523819,-2095071777463,-2495569179696,1908357347496,128101396127,0,-250521509784,-122420113657,1785937233839,-937063697941,53980021201,902853557099,509436010700,393417546399,VIC,2026-02-10,VCI
VIC,2017,2,1.17,20087737959594,829240279816,0.08,379778063683,-897458689845,20087737959594,-38270922521,20049467037073,-13841836060660,6207630976413,-1288774158293,36013386096,-2098240923501,-1276007865372,1960399479026,64979791624,0,-130381022896,-65401231272,1894998247754,-900868609922,251865090422,1245994728254,416754448438,829240279816,VIC,2026-02-10,VCI
VIC,2017,1,0.03,15166169052429,885797816163,0.14,310305472262,-746877773186,15166169052429,-22126485765,15144042566664,-10022066203422,5121976363242,-718046126945,-20719346206,-1975179540846,-1513731828995,1204604992512,69536902830,0,-27541236325,41995666505,1246600659017,-660923781938,29315525675,614992402754,-270805413409,885797816163,VIC,2026-02-10,VCI
VIC,2016,4,0.66,23922923974788,-165265416640,-1.88,3186869059607,-1778185740328,23922923974788,-36554714505,23886369260283,-16546283840284,7340085419999,-3045227953774,3346786703,-3115756152190,-2567709707809,1801607452536,115578699377,0,-339264169533,-223685470156,1577921982380,-1234722481092,67296201239,410495702527,575761119167,-165265416640,VIC,2026-02-10,VCI
VIC,2016,3,0.47,10661516783908,175295268475,-0.31,316720157341,-597525241154,10661516783908,-11076753398,10650440030510,-7246340395066,3404099635444,-774473998641,-1576487901,-1219537521528,-1127081677072,598150107643,82398177876,0,-147565934442,-65167756566,532982351077,-287453006889,-19364300981,226165043207,50869774732,175295268475,VIC,2026-02-10,VCI
VIC,2016,2,0.54,9273538749900,764879471817,1.64,2524018389435,-795705045788,9273538749900,-5670521182,9267868228718,-6829192811399,2438675417319,-760395244414,12422770831,-1365979981363,-973928134816,1874813216992,84188290879,0,-100310022524,-16121731645,1858691485347,-332157441857,51892989396,1578427032886,813547561069,764879471817,VIC,2026-02-10,VCI
VIC,2016,1,1.34,14739597318159,778650899732,0.82,548638992445,-740132988553,14739597318159,-2741547460,14736855770699,-9958356864682,4778498906017,-886585743975,8945939822,-1055620054983,-1113246834350,2280631204976,55929917069,0,-171331231935,-115401314866,2165229890110,-894501586753,18747475719,1289475779076,510824879344,778650899732,VIC,2026-02-10,VCI
VIC,2015,4,1.32,14409259141830,187389406140,-0.47,653194024128,-840083234502,14409259141830,-42332078093,14366927063737,-9807071905577,4559855158160,-1149027784901,10312519391,-1582521047303,-1005987849250,1485825020225,42739935322,0,-566147550531,-523407615209,962417405016,-592931646102,51348003477,420833762391,233444356251,187389406140,VIC,2026-02-10,VCI
VIC,2015,3,-0.05,7268427623497,255122955903,-0.71,553111492449,-361531740846,7268427623497,-17333510177,7251094113320,-4527987359168,2723106754152,-764512376266,12219005264,-800467729065,-1100106923706,623350222828,44975299547,0,-107534336014,-62559036467,560791186361,-269232652461,13886151387,305444685287,50321729384,255122955903,VIC,2026-02-10,VCI
VIC,2015,2,-0.22,6035578292221,289302482445,-0.66,608242742629,-584927696622,6035578292221,-4104920098,6031473372123,-3899581721915,2131891650208,-837461691132,8764934054,-379966966261,-856815798147,674654871351,55256304541,0,-158002750502,-102746445961,571908425390,-253038220778,16397152126,335267356738,45964874293,289302482445,VIC,2026-02-10,VCI
VIC,2015,1,0.02,6311326876972,427940707867,-0.60,283042697236,-540805067179,6311326876972,-4138290231,6307188586741,-4063973004335,2243215582406,-741705361906,7931295491,-345190724786,-649218044156,798075444285,51592089466,0,-157925569413,-106333479947,691741964338,-344265677051,9919440474,357395727761,-70544980106,427940707867,VIC,2026-02-10,VCI
VIC,2014,4,-0.08,6217475955881,355239060961,-0.57,223707190194,-658020772075,6217475955881,-4297219387,6213178736494,-3894487469404,2318691267090,-796527392709,0,-371442058541,-769150540961,605278465073,154150431212,628883670,-140277932654,13872498558,619779847301,-271080432948,-4592391123,344107023230,-11132037731,355239060961,VIC,2026-02-10,VCI
VIC,2014,3,-0.10,7664553124925,889282247109,-0.53,422038452524,-800791201699,7664553124925,-6595177974,7657957946951,-4828614869306,2829343077645,-952643386796,0,-102831111151,-571748104128,1624158928094,29093097008,10995656920,-67959727839,-38866630831,1596287954183,-383809257250,16129217859,1228607914792,339325667683,889282247109,VIC,2026-02-10,VCI
VIC,2014,2,2.58,7693765313144,858819165102,-0.77,470037739548,-740281320731,7693765313144,-2054090952,7691711222192,-4796431234808,2895279987384,-1173979481459,0,-123229350006,-421869049259,1646239846208,36429087835,-22231371820,2867441276,39296529111,1663305003499,-517047979092,2433360264,1148690384671,289871219569,858819165102,VIC,2026-02-10,VCI
VIC,2014,1,5.27,6175539052490,1075666696212,2.75,248313010795,-512176370469,6175539052490,-734966734,6174804085756,-3765022891126,2409781194630,-565119748917,0,-126307795010,-438255709520,1528410951978,38906683936,1836171976,-21744419089,17162264847,1547409388801,-477711344776,-1416911523,1068281132502,-7385563710,1075666696212,VIC,2026-02-10,VCI
VIC,2013,4,0.00,6777132400693,822361563082,0.00,386979574205,-479260507915,6777132400693,-352991115,6776779409578,-4628552557652,2148226851926,-547756034554,0,-138304922141,-494433596528,1354711872908,45508963220,-2925580967,-16004131872,29504831348,1381291123289,-310764131673,3179903828,1073706895444,251345332362,822361563082,VIC,2026-02-10,VCI
VIC,2013,3,0.00,8469983770011,1874706150280,0.00,231453872128,-226454191041,8469983770011,-397818326,8469585951685,-5132759554878,3336826396807,-364464630076,0,-151195164469,-246896776039,2805723698351,42530753492,12927893700,-39377453060,3153300432,2821804892483,-809155204391,-1016489023,2011633199069,136927048789,1874706150280,VIC,2026-02-10,VCI
VIC,2013,2,32.25,2147622191084,3794277778771,93.99,5083697727730,-375442152711,2147622191084,-410432169,2147211758915,-1187102425437,960109333478,-541100703711,0,-76783483367,-396511460556,5029411413574,41353605442,29134448337,-15730537930,25623067512,5084168929423,-1310820608941,1347825553,3774696146035,-19581632736,3794277778771,VIC,2026-02-10,VCI
VIC,2013,1,0.00,984191397336,287065637376,0.00,721677650804,-425621975262,984191397336,-468545900,983722851436,-458972218019,524750633417,-516920344994,0,-46001611853,-286440107584,397066219790,22853169903,15563426715,-2329992874,20523177029,433152823534,-169075328361,583738735,264661233908,-22404403468,287065637376,VIC,2026-02-10,VCI
VIC,2008,2,0.00,64585429647,39943381469,0.00,116843160708,-8704136989,64585429647,0,64585429647,-16369404858,48216024789,-107155933494,0,-6962143202,-18111705264,32829403537,19042987276,0,-5409382539,13633604737,46463008274,-7718397136,0,38744611138,-1198770331,39943381469,VIC,2026-02-10,VCI
HPG,2025,4,0.34,47301623136340,3860994446656,0.37,437336032419,-1236524775157,47301623136340,-1125138586569,46176484549771,-39779834052596,6396650497175,-1584024163714,0,-271477098154,-411044379459,4567440888267,115035838477,0,-82346763981,32689074496,4600129962763,-744749714238,32969484742,3888349733267,27355286611,3860994446656,HPG,2026-02-10,VCI
HPG,2025,3,0.07,36793873449413,3988318474539,0.32,711903358963,-812194101705,36793873449413,-386457045489,36407416403924,-30320155128758,6087261275166,-1073210620638,0,-798965987739,-355963309576,4571024716176,78007207531,0,-20718751273,57288456258,4628313172434,-632794091038,16733235327,4012252316723,23933842184,3988318474539,HPG,2026-02-10,VCI
HPG,2025,2,-0.09,36286185846409,4256487211764,0.28,498183728007,-439112631420,36286185846409,-375666735200,35910519111209,-29320796625500,6589722485709,-979462100729,0,-825371907199,-322285873598,4960786332190,-41431471594,0,53028633067,11597161473,4972383493663,-684398735485,-23460652646,4264524105532,8036893768,4256487211764,HPG,2026-02-10,VCI
HPG,2025,1,0.22,37950635502050,3344284694388,0.17,438057240540,-627024360692,37950635502050,-328960948472,37621674553578,-32197520628446,5424153925132,-970569640998,0,-737815718816,-347243794856,3806582011002,153981783497,0,-120798445479,33183338018,3839765349020,-512281294123,22321361187,3349805416084,5520721696,3344284694388,HPG,2026-02-10,VCI
HPG,2024,4,0.01,35232197602514,2808645369171,-0.06,700560102056,-562492663846,35232197602514,-741215175825,34490982426689,-30126073473488,4364908953201,-1015139809937,0,-230212058532,-517318083678,3302799103110,225300683318,0,-241423685732,-16123002414,3286676100696,-503217741562,26135956217,2809594315351,948946180,2808645369171,HPG,2026-02-10,VCI
HPG,2024,3,0.19,34300352057045,3022946632050,0.51,528453174917,-525114798901,34300352057045,-344091771518,33956260285527,-29225083561286,4731176724241,-832902574260,0,-720208188679,-321501544741,3385017591478,220917018524,0,-193549476158,27367542366,3412385133844,-427815885551,37102736610,3021671984903,-1274647147,3022946632050,HPG,2026-02-10,VCI
HPG,2024,2,0.34,39936268160790,3319263141862,1.27,645060096530,-564134360513,39936268160790,-380758333336,39555509827454,-34308029337809,5247480489645,-1065091915406,0,-746509647378,-389417899107,3691521124284,205176515397,0,-163471969916,41704545481,3733225669765,-419294315425,5643364205,3319574718545,311576683,3319263141862,HPG,2026-02-10,VCI
HPG,2024,1,0.16,31092569628223,2870588692991,6.22,751955374195,-635618987620,31092569628223,-240210036506,30852359591717,-26698376631120,4153982960597,-1060613282413,0,-640378790675,-317278495246,2887667766458,508375467854,0,-134827877439,373547590415,3261215356873,-415478064702,23445310301,2869182602472,-1406090519,2870588692991,HPG,2026-02-10,VCI
HPG,2023,4,0.33,34924567919473,2972779359274,2.49,732316277875,-710943681004,34924567919473,-540762991718,34383804927755,-29912194884366,4471610043389,-1127386435227,0,-366721269183,-394171267892,3315647348962,231710831608,0,-162789302822,68921528786,3384568877748,-356399560815,-59198534048,2968970782885,-3808576389,2972779359274,HPG,2026-02-10,VCI
HPG,2023,3,-0.16,28765716456234,2004745086782,2.13,850624544181,-855978191830,28765716456234,-281628655637,28484087800597,-24889281213593,3594806587004,-1438378265232,0,-577844331409,-301003551619,2128204982925,203224277209,0,-157199138242,46025138967,2174230121892,-214353855084,40486817524,2000363084332,-4382002450,2004745086782,HPG,2026-02-10,VCI
HPG,2023,2,-0.21,29799498081622,1460042613098,-0.64,732942078525,-1028566971432,29799498081622,-303114703307,29496383378315,-26301396413465,3194986964850,-1341484846242,0,-539813064291,-331614130813,1715017002029,190562727467,0,-203692775730,-13130048263,1701886953766,-207379564722,-46682549251,1447824839793,-12217773305,1460042613098,HPG,2026-02-10,VCI
HPG,2023,1,-0.39,26865449158810,397497275202,-0.95,903451916285,-989588839615,26865449158810,-276697371823,26588751786987,-24912314686658,1676437100329,-1330510709605,0,-476983465069,-280501386549,491893455391,146475629211,0,-106326294835,40149334376,532042789767,-295418907438,146605725742,383229608071,-14267667131,397497275202,HPG,2026-02-10,VCI
HPG,2022,4,-0.42,26211645715375,-1991548498312,-1.27,1540966414075,-932651987764,26211645715375,-385913871540,25825731843835,-26710981787039,-885249943204,-1688209772675,0,-716226175696,-342729735482,-2091449212982,230781900058,0,-217880608832,12901291226,-2078547921756,32459684129,47320935492,-1998767302135,-7218803823,-1991548498312,HPG,2026-02-10,VCI
HPG,2022,3,0.00,34440727020533,-1774133616408,0.00,886166660043,-836700531276,34440727020533,-337385691779,34103341328754,-33102613774299,1000727554455,-2309009013940,0,-635242109016,-294163545703,-1351520454161,197501561354,0,-145936403389,51565157965,-1299955296196,-149072645439,-336679438404,-1785707380039,-11573763631,-1774133616408,HPG,2026-02-10,VCI
HPG,2022,2,0.00,37713759072663,4032232311020,0.00,661960999623,-717352725484,37713759072663,-291704455646,37422054617017,-30882432369940,6539622247077,-2032730784240,72319473,-737356533537,-118971733588,4312596514808,251188220126,0,-184444245606,66743974520,4379340489328,-316513449092,-40253660370,4022573379866,-9658931154,4032232311020,HPG,2026-02-10,VCI
HPG,2022,1,0.00,44404678868287,8216960357730,0.00,768925488108,-596932887294,44404678868287,-346532197261,44058146671026,-33949820289803,10108326381223,-1111142568904,-1144987057,-576981269053,-263579264674,8924403779643,192553043388,0,-194852967124,-2299923736,8922103855907,-567893829684,-147879669400,8206330356823,-10630000907,8216960357730,HPG,2026-02-10,VCI
HPG,2021,4,0.72,45048125720816,7427443249985,0.60,856740188535,-629506996556,45048125720816,-337394219341,44710731501475,-35123321817532,9587409683943,-1183606068306,-17624854,-711387745434,-508851797720,8040286636164,230422663333,0,-232353037621,-1930374288,8038356261876,-540052856913,-78903139004,7419400265959,-8042984026,7427443249985,HPG,2026-02-10,VCI
HPG,2021,3,0.56,38918449988301,10351739079315,1.74,879414139300,-675107905208,38918449988301,-244621297616,38673828690685,-26812929844272,11860898846413,-968278197988,7748388045,-582851131543,-235856196047,10961075848180,216201021708,0,-198520800191,17680221517,10978756069697,-722192722593,94280850080,10350844197184,-894882131,10351739079315,HPG,2026-02-10,VCI
HPG,2021,2,0.71,35439772102181,9721406525008,2.54,446309785935,-599661392906,35439772102181,-321417002616,35118355099565,-23641296035968,11477059063597,-821220734774,6426058619,-411553847487,-373276114859,10323744211031,190546702744,0,-164838725649,25707977095,10349452188126,-787307055464,183006289525,9745151422187,23744897179,9721406525008,HPG,2026-02-10,VCI
HPG,2021,1,0.62,31459012155902,6977554343152,2.05,898307295649,-621546963567,31459012155902,-282137468282,31176874687620,-22993832748581,8183041939039,-767768026036,-9691518945,-414275498764,-206277440053,7683336750890,159049266440,0,-152172822839,6876443601,7690213194491,-805753712197,121099563674,7005559045968,28004702816,6977554343152,HPG,2026-02-10,VCI
HPG,2020,4,0.43,26165172616887,4637854585297,1.42,355499934411,-662031175138,26165172616887,-387101508420,25778071108467,-19510833657232,6267237451235,-786899253782,-6728992807,-283146891052,-214239003023,5331723244982,172494695071,0,-173968642319,-1473947248,5330249297734,-547344027784,-122183789401,4660721480549,22866895252,4637854585297,HPG,2026-02-10,VCI
HPG,2020,3,0.63,24968612501405,3772707270949,1.15,247689080794,-540809441828,24968612501405,-283050075571,24685562425834,-19516497107892,5169065317942,-708511948435,-5495008340,-294052388783,-167706846097,4240988207081,174867506767,0,-143984077820,30883428947,4271871636028,-498845055302,12096167595,3785122748321,12415477372,3772707270949,HPG,2026-02-10,VCI
HPG,2020,2,0.30,20694235681263,2742826923551,0.35,314916264858,-523373576010,20694235681263,-272033734890,20422201946373,-16716699660689,3705502285684,-541177322424,16345909889,-259293030237,-155261261079,3081032846691,153423818878,0,-138735283444,14688535434,3095721382125,-368137200148,27977565819,2755561747796,12734824245,2742826923551,HPG,2026-02-10,VCI
HPG,2020,1,0.28,19451060972271,2285286919162,0.27,108979890041,-481082874292,19451060972271,-218353026228,19232707946043,-15469649574389,3763058371654,-823113673484,-2157276978,-257877328351,-153206137477,2635683845405,153255313509,0,-131847938898,21407374611,2657091220016,-368205805026,15875165058,2304760580048,19473660886,2285286919162,HPG,2026-02-10,VCI
HPG,2019,4,0.25,18282088440464,1917005836995,0.09,122443551198,-270226645026,18282088440464,-306785764611,17975302675853,-15139622033638,2835680642215,-312174332179,-1431313615,-184758038710,-191052158467,2268708350442,191951258126,0,-175662950554,16288307572,2284996658014,-371428377293,9803630181,1923371910902,6366073907,1917005836995,HPG,2026-02-10,VCI
HPG,2019,3,0.07,15349518976186,1754755716941,-0.27,138550988697,-265895204863,15349518976186,-262487576044,15087031400142,-12385057811865,2701973588277,-328517389602,0,-226510475946,-150483484286,2135013227140,179267698034,0,-153366194692,25901503342,2160914730482,-397723133076,31221367630,1794412965036,39657248095,1754755716941,HPG,2026-02-10,VCI
HPG,2019,2,0.10,15866325943282,2035194136815,-0.07,118366315936,-215389146860,15866325943282,-233718346934,15632607596348,-12605803622544,3026803973804,-300320193488,0,-269462575465,-105833495534,2469554025253,159805460096,0,-149546892759,10258567337,2479812592590,-445462416749,15665475929,2050015651770,14821514955,2035194136815,HPG,2026-02-10,VCI
HPG,2019,1,0.15,15179972721712,1800794242450,-0.19,91858567531,-185199221610,15179972721712,-216722214264,14963250507448,-12342336489604,2620914017844,-240829520527,0,-192602494567,-121634447535,2157706122746,128120764891,0,-114886658964,13234105927,2170940228673,-388694004651,28203565782,1810449789804,9655547354,1800794242450,HPG,2026-02-10,VCI
HPG,2018,4,0.13,14592380278150,1764220746300,-0.26,71688658080,-144936133893,14592380278150,-206169546593,14386210731557,-11825378876944,2560831854613,-206972919898,0,-191711141335,-209629621922,2024206829538,143669887566,0,-130547115741,13122771825,2037329601363,-289508280622,19178926806,1767000247547,2779501247,1764220746300,HPG,2026-02-10,VCI
HPG,2018,3,0.13,14393503062099,2401952451707,0.12,79985465695,-141685345016,14393503062099,-205156935686,14188346126413,-10925130035885,3263216090528,-234345232708,0,-188483553715,-51780664435,2868592105365,79210487446,0,-99716528968,-20506041522,2848086063843,-445904279612,6240831886,2408422616117,6470164410,2401952451707,HPG,2026-02-10,VCI
HPG,2018,2,0.34,14432746600541,2195586926064,0.43,79415973001,-135220094841,14432746600541,-171808499990,14260938100551,-11379662995694,2881275104857,-159250258201,0,-154665928668,-66201080303,2580573810686,114214391806,0,-117570201393,-3355809587,2577218001099,-370255122285,-4590634318,2202372244496,6785318432,2195586926064,HPG,2026-02-10,VCI
HPG,2018,1,0.26,13161793754293,2211253974571,0.14,63318173965,-118019669890,13161793754293,-160830333055,13000963421238,-10035454240162,2965509181076,-171748751094,0,-143871695353,-114493721383,2598713187211,151761821218,0,-142035802432,9726018786,2608439205997,-400652405032,14968797102,2222755598067,11501623496,2211253974571,HPG,2026-02-10,VCI
HPG,2017,4,0.27,12928386211861,2395691358128,0.23,45835749316,-135017785751,12928386211861,-183523728628,12744862483233,-9554317022669,3190545460564,-146368938018,0,-175146788441,-176854847790,2738010635631,126806446661,0,-115122795088,11683651573,2749694287204,-358412885166,9279650400,2400561052438,4869694310,2395691358128,HPG,2026-02-10,VCI
HPG,2017,3,0.53,12730447838201,2138959766500,0.33,34225526861,-130923942442,12730447838201,-190455536773,12539992301428,-9708779941597,2831212359831,-151087552873,-9757280,-137312496444,-99811859862,2477216220233,110575071534,0,-99880281027,10694790507,2487911010740,-364816743048,17300261748,2140394529440,1434762940,2138959766500,HPG,2026-02-10,VCI
HPG,2017,2,0.32,10765212340195,1537805531989,-0.24,32303389202,-130009931346,10765212340195,-153129770623,10612082569572,-8423125039098,2188957530474,-146558312400,-139181342,-217819103678,-59466485385,1797277836871,108631628301,0,-98053808186,10577820115,1807855656986,-278349795796,8999089887,1538504951077,699419088,1537805531989,HPG,2026-02-10,VCI
HPG,2017,1,0.44,10430779332209,1934215457230,0.89,73850799321,-83754910316,10430779332209,-166025072138,10264754260071,-7801256033877,2463498226194,-111741780455,-10672981,-113072020901,-72904963345,2239619587833,87172167962,0,-83882968029,3289199933,2242908787766,-316049361025,8436626352,1935296053093,1080595863,1934215457230,HPG,2026-02-10,VCI
HPG,2016,4,0.40,10175570619002,1949186323380,2.45,45692898464,-62619491648,10175570619002,-225070696076,9950499922926,-7311373166577,2639126756349,-100756323038,-504346848,-156849308868,-170078092368,2256631583691,107289888825,0,-110980974825,-3691086000,2252940497691,-293290112623,-9836146904,1949814238164,627914784,1949186323380,HPG,2026-02-10,VCI
HPG,2016,3,0.20,8308847472057,1604805364634,0.55,43254064332,-69055625453,8308847472057,-166768207769,8142079264288,-6025171679703,2116907584585,-83193085169,0,-136065779075,-83426449397,1857476335276,103552088230,0,-105312134802,-1760046572,1855716288704,-248620650352,-887830092,1606207808260,1402443626,1604805364634,HPG,2026-02-10,VCI
HPG,2016,2,0.05,8143555115415,2025781711677,0.63,55060884030,-67328991186,8143555115415,-95305363914,8048249751501,-5476741282086,2571508469415,-94783321348,-30601334,-103942106678,-65181199641,2362632124444,129852848418,0,-110707636638,19145211780,2381777336224,-400279346366,48570094199,2030068084057,4286372380,2025781711677,HPG,2026-02-10,VCI
HPG,2016,1,0.22,7256918801961,1022062465158,0.58,57973743791,-81042378600,7256918801961,-114532085689,7142386716272,-5711521467700,1430865248572,-94054449344,0,-93096821176,-93843014855,1207844706988,98597154863,0,-95069248565,3527906298,1211372613286,-196263506010,5023310887,1020132418163,-1930046995,1022062465158,HPG,2026-02-10,VCI
HPG,2015,4,0.08,7253822490923,565167885396,0.19,65772210931,-77004347495,7253822490923,-132045611414,7121776879509,-5816928555599,1304848323910,-108250152524,-139989863,-112471719376,-420622244545,729136428533,93449895224,0,-139737600748,-46287705524,682848723009,-127922149218,10991211480,565917785271,749899875,565167885396,HPG,2026-02-10,VCI
HPG,2015,3,0.19,6948321708451,1032198879175,0.20,62374978395,-65651042150,6948321708451,-103122219506,6845199488945,-5284713097182,1560486391763,-231999955681,0,-115665342288,-125472029029,1149724043160,96406368084,0,-85496901972,10909466112,1160633509272,-132703594722,8418222036,1036348136586,4149257411,1032198879175,HPG,2026-02-10,VCI
HPG,2015,2,0.14,7740367029589,1239117112410,0.31,52535448423,-51860489071,7740367029589,-92600588468,7647766441121,-5948385542327,1699380898794,-122727866810,-50811660,-95907265482,-101445045124,1431785358141,74111149380,0,-98132072933,-24020923553,1407764434588,-165919225295,9781235629,1251626444922,12509332512,1239117112410,HPG,2026-02-10,VCI
HPG,2015,1,-0.10,5927283729062,648874743256,-0.25,73229760024,-57781070334,5927283729062,-89347814331,5837935914731,-4821932343843,1016003570888,-108563653251,0,-100037194157,-111242655923,769389827581,62272650945,0,-93177094458,-30904443513,738485384068,-90433264577,2342042151,650394161642,1519418386,648874743256,HPG,2026-02-10,VCI
HPG,2014,4,0.02,6685697214147,473638035983,-0.03,34582767782,-69410365686,6685697214147,-103974675704,6581722538443,-5547367655979,1034354882464,-157195695472,0,-111146187899,-208832098435,591763668440,68739727739,76531542,-73573824716,-4834096977,587006103005,-77568161548,-13860599507,495577341950,21939305967,473638035983,HPG,2026-02-10,VCI
HPG,2014,3,0.37,5827400858291,856870187480,0.73,55706637439,-78862638435,5827400858291,-80541408200,5746859450091,-4417028911586,1329830538505,-100105991586,0,-100549869813,-116269505784,1068611808761,71920398457,0,-115853924839,-43933526382,1024678282379,-149896506244,5590182388,880371958523,23501771043,856870187480,HPG,2026-02-10,VCI
HPG,2014,2,0.53,6762401095281,943393760284,0.84,32838843561,-81355980496,6762401095281,-81133148707,6681267946574,-5248527466257,1432740480317,-168413686136,0,-73657732056,-142131357869,1081376547817,75648671722,-132564534,-70305956423,5342715299,1086586698582,-129425470172,6899639649,964060868059,20667107775,943393760284,HPG,2026-02-10,VCI
HPG,2014,1,0.65,6576317290406,870356210406,0.90,37121692926,-120827103540,6576317290406,-60818402801,6515498887605,-5125829052127,1389669835478,-138196242580,0,-80734096123,-139981287219,1067879902482,59291526493,0,-56328330778,2963195715,1070843098197,-160243799955,-388152535,910211145707,39854935301,870356210406,HPG,2026-02-10,VCI
HPG,2013,4,0.00,6537147027063,489600279000,0.00,37681306727,-124373034373,6537147027063,-76866303552,6460280723511,-5368957266980,1091323456531,-147050678448,0,-106974589304,-289765287115,585214208391,91590425004,-193508302,-51704132344,39886292660,624906992749,-136124021133,1245029610,490028001226,427722226,489600279000,HPG,2026-02-10,VCI
HPG,2013,3,0.00,4252700694358,496087739269,0.00,34765825019,-79447906827,4252700694358,-57853252797,4194847441561,-3537874093931,656973347630,-105360097174,0,-52429752559,67150433524,601099756440,37737731715,0,-40859034065,-3121302350,597978454090,-94929707001,4726832863,507775579952,11687840683,496087739269,HPG,2026-02-10,VCI
HPG,2013,2,0.00,4414507981257,511596577161,0.00,65861221199,-77682792362,4414507981257,-69613347397,4344894633860,-3509118339966,835776293894,-170069512415,0,-28176615005,-101208708416,602182679257,37953187631,-33475394,-40772996394,-2819808763,599329395100,-65864911185,-1316325382,532148158533,20551581372,511596577161,HPG,2026-02-10,VCI
HPG,2013,1,0.00,3995878475404,456932057553,0.00,136397357948,-81392133173,3995878475404,-61609123805,3934269351599,-3242647918546,691621433053,-97890414322,0,-66072108188,-90759455427,573296813064,31822903147,0,-32901148600,-1078245453,572218567611,-93264621288,1558931845,480512878168,23580820615,456932057553,HPG,2026-02-10,VCI
