Meta,Meta,Meta,Chỉ tiêu cơ cấu nguồn vốn,Chỉ tiêu cơ cấu nguồn vốn,Chỉ tiêu cơ cấu nguồn vốn,Chỉ tiêu cơ cấu nguồn vốn,Chỉ tiêu hiệu quả hoạt động,Chỉ tiêu hiệu quả hoạt động,Chỉ tiêu hiệu quả hoạt động,Chỉ tiêu hiệu quả hoạt động,Chỉ tiêu hiệu quả hoạt động,Chỉ tiêu hiệu quả hoạt động,Chỉ tiêu hiệu quả hoạt động,Chỉ tiêu khả năng sinh lợi,Chỉ tiêu khả năng sinh lợi,Chỉ tiêu khả năng sinh lợi,Chỉ tiêu khả năng sinh lợi,Chỉ tiêu khả năng sinh lợi,Chỉ tiêu khả năng sinh lợi,Chỉ tiêu khả năng sinh lợi,Chỉ tiêu khả năng sinh lợi,Chỉ tiêu khả năng sinh lợi,Chỉ tiêu thanh khoản,Chỉ tiêu thanh khoản,Chỉ tiêu thanh khoản,Chỉ tiêu thanh khoản,Chỉ tiêu thanh khoản,Chỉ tiêu định giá,Chỉ tiêu định giá,Chỉ tiêu định giá,Chỉ tiêu định giá,Chỉ tiêu định giá,Chỉ tiêu định giá,Chỉ tiêu định giá,Chỉ tiêu định giá,Chỉ tiêu định giá,_symbol,_extracted_at,_source,symbol
CP,Năm,Kỳ,(Vay NH+DH)/VCSH,Nợ/VCSH,TSCĐ / Vốn CSH,Vốn CSH/Vốn điều lệ,Vòng quay tài sản,Vòng quay TSCĐ,Số ngày thu tiền bình quân,Số ngày tồn kho bình quân,Số ngày thanh toán bình quân,Chu kỳ tiền,Vòng quay hàng tồn kho,Biên EBIT (%),Biên lợi nhuận gộp (%),Biên lợi nhuận ròng (%),ROE (%),ROIC (%),ROA (%),EBITDA (Tỷ đồng),EBIT (Tỷ đồng),Tỷ suất cổ tức (%),Chỉ số thanh toán hiện thời,Chỉ số thanh toán tiền mặt,Chỉ số thanh toán nhanh,Khả năng chi trả lãi vay,Đòn bẩy tài chính,Vốn hóa (Tỷ đồng),Số CP lưu hành (Triệu CP),P/E,P/B,P/S,P/Cash Flow,EPS (VND),BVPS (VND),EV/EBITDA,,,,
VNM,2025,4,0.28,0.55,0.37,1.65,1.17,5.05,27.23,61.53,38.01,126.77,5.93,0.19,0.40,0.17,0.30,0.24,0.17,10910373206698.00,3158108095556,0.04,1.96,0.10,1.59,-35.10,1.55,145460898972000.00,2089955445.00,15.46,4.74,2.29,16.78,1359.06,14682.31,13.97,VNM,2026-02-10,VCI,VNM
VNM,2025,3,0.22,0.47,0.34,1.82,1.12,4.92,26.84,65.34,38.98,131.16,5.59,0.18,0.42,0.15,0.26,0.21,0.16,11886973069728.00,3047758786457,0.04,2.24,0.30,1.87,-40.39,1.47,141489983626500.00,2089955445.00,16.28,4.15,2.28,17.20,1209.00,16315.17,12.49,VNM,2026-02-10,VCI,VNM
VNM,2025,2,0.28,0.55,0.36,1.71,1.09,4.90,27.04,66.12,40.22,133.37,5.52,0.17,0.42,0.15,0.27,0.21,0.15,11505317651432.00,2848052508009,0.04,1.99,0.13,1.63,-33.43,1.55,132712170757500.00,2089955445.00,15.49,4.18,2.19,14.38,1184.04,15203.36,12.51,VNM,2026-02-10,VCI,VNM
VNM,2025,1,0.28,0.46,0.33,1.80,1.09,4.95,27.96,64.95,38.79,131.71,5.62,0.12,0.40,0.12,0.27,0.20,0.16,11696343274578.00,1609795815116,0.00,2.26,0.15,1.85,-21.42,1.46,126024313333500.00,2089955445.00,14.38,3.74,2.08,14.56,750.49,16123.41,11.77,VNM,2026-02-10,VCI,VNM
VNM,2024,4,0.26,0.52,0.35,1.73,1.15,4.90,28.36,59.95,38.73,127.04,6.09,0.15,0.40,0.14,0.29,0.23,0.17,12499712332272.00,2303998481007,0.04,2.03,0.12,1.73,-34.85,1.52,117664491553500.00,2089955445.00,12.53,3.65,1.90,12.15,1016.12,15444.74,10.19,VNM,2026-02-10,VCI,VNM
VNM,2024,3,0.24,0.64,0.34,1.69,1.15,5.02,28.20,64.85,37.78,130.83,5.63,0.17,0.41,0.15,0.30,0.24,0.18,12900036387813.00,2643293478851,0.03,1.84,0.12,1.57,-42.21,1.64,128741255412000.00,2089955445.00,13.42,4.10,2.08,14.51,1150.03,15010.41,10.73,VNM,2026-02-10,VCI,VNM
VNM,2024,2,0.21,0.41,0.32,1.83,1.16,5.01,28.01,63.91,37.54,129.47,5.71,0.18,0.42,0.16,0.30,0.23,0.18,12924710671414.00,3036928719637,0.02,2.42,0.08,2.00,-47.23,1.41,140445005904000.00,2089955445.00,14.50,4.09,2.26,16.23,1277.77,16433.90,11.70,VNM,2026-02-10,VCI,VNM
VNM,2024,1,0.20,0.44,0.35,1.72,1.15,4.94,27.74,64.36,37.49,129.59,5.67,0.17,0.42,0.16,0.29,0.24,0.18,12399703234105.00,2420332007836,0.00,2.29,0.12,1.85,-28.01,1.44,138564046003500.00,2089955445.00,15.04,4.35,2.29,15.99,1050.10,15241.55,11.90,VNM,2026-02-10,VCI,VNM
VNM,2023,4,0.25,0.50,0.36,1.68,1.19,4.91,28.54,59.74,41.21,129.49,6.11,0.16,0.41,0.15,0.29,0.22,0.18,11825606239806.00,2443777030762,0.04,2.10,0.17,1.74,-25.39,1.50,139400028181500.00,2089955445.00,15.71,4.40,2.31,17.67,1112.95,15166.26,12.09,VNM,2026-02-10,VCI,VNM
VNM,2023,3,0.22,0.62,0.35,1.63,1.17,5.02,28.27,61.97,40.59,130.83,5.89,0.18,0.42,0.16,0.27,0.23,0.17,11444085780622.00,2740211905894,0.04,1.85,0.34,1.57,-34.42,1.62,140445005904000.00,2089955445.00,16.69,4.58,2.35,15.54,1192.49,14668.05,12.59,VNM,2026-02-10,VCI,VNM
VNM,2023,2,0.18,0.39,0.32,1.75,1.21,5.06,28.24,61.05,39.43,128.72,5.98,0.17,0.40,0.14,0.26,0.22,0.16,11420616979783.00,2519939148334,0.02,2.43,0.12,1.97,-26.26,1.39,157791636097500.00,2089955445.00,19.18,4.71,2.62,16.90,1052.09,16013.85,14.52,VNM,2026-02-10,VCI,VNM
VNM,2023,1,0.20,0.43,0.34,1.65,1.18,4.99,28.51,63.29,40.34,132.14,5.77,0.15,0.39,0.13,0.26,0.22,0.16,11288070587267.00,2067091290344,0.00,2.25,0.14,1.78,-25.12,1.43,153611725207500.00,2089955445.00,18.94,4.88,2.56,17.43,888.41,15072.85,14.31,VNM,2026-02-10,VCI,VNM
VNM,2022,4,0.15,0.48,0.36,1.57,1.18,4.87,27.40,62.66,43.01,133.07,5.83,0.14,0.39,0.12,0.25,0.26,0.17,11848623437435.00,2061657445163,0.04,2.06,0.15,1.70,-38.73,1.48,152148756396000.00,2089955445.00,17.86,5.10,2.54,17.23,894.34,14282.15,13.63,VNM,2026-02-10,VCI,VNM
VNM,2022,3,0.28,0.51,0.35,1.62,1.15,4.91,27.22,69.67,39.34,136.24,5.24,0.17,0.39,0.14,0.25,0.23,0.17,12240678940735.00,2688415991483,0.04,2.02,0.17,1.68,-53.83,1.51,168450408867000.00,2089955445.00,19.04,5.41,2.77,19.81,1099.74,14900.52,14.52,VNM,2026-02-10,VCI,VNM
VNM,2022,2,0.27,0.46,0.33,1.76,1.15,4.82,27.04,72.21,40.74,139.98,5.06,0.16,0.41,0.14,0.27,0.23,0.18,12813493688336.00,2383519819909,0.02,2.22,0.27,1.79,-64.94,1.46,154238711841000.00,2089955445.00,16.28,4.52,2.54,18.53,996.66,16333.35,12.66,VNM,2026-02-10,VCI,VNM
VNM,2022,1,0.32,0.52,0.36,1.67,1.17,4.79,26.70,71.59,42.37,140.66,5.10,0.19,0.41,0.16,0.29,0.25,0.19,13737264701360.00,2619580322203,0.02,2.01,0.10,1.58,-100.10,1.52,151521769762500.00,2089955445.00,14.82,4.71,2.46,18.06,1084.00,15406.05,11.91,VNM,2026-02-10,VCI,VNM
VNM,2021,4,0.27,0.49,0.35,1.72,1.20,4.59,25.59,62.03,39.05,126.67,5.88,0.15,0.43,0.14,0.30,0.26,0.21,13881656397698.00,2437646715046,0.04,2.12,0.14,1.72,-103.97,1.49,155074694019000.00,2089955445.00,14.72,4.69,2.55,16.44,1050.74,15829.66,11.88,VNM,2026-02-10,VCI,VNM
VNM,2021,3,0.27,0.54,0.39,1.62,1.16,4.43,26.34,67.81,42.99,137.14,5.38,0.20,0.43,0.18,0.31,0.27,0.21,13601560472712.00,3241803032663,0.03,1.94,0.12,1.58,-133.00,1.54,174302284113000.00,2089955445.00,16.56,5.61,2.93,17.88,1399.92,14878.97,13.54,VNM,2026-02-10,VCI,VNM
VNM,2021,2,0.29,0.54,0.38,1.64,1.16,4.31,26.85,66.56,43.43,136.85,5.48,0.21,0.44,0.18,0.32,0.27,0.21,13895088863274.00,3279214356078,0.02,1.93,0.09,1.56,-116.81,1.54,188304985594500.00,2089955445.00,17.64,5.95,3.20,19.95,1356.39,15131.73,14.32,VNM,2026-02-10,VCI,VNM
VNM,2021,1,0.28,0.50,0.40,1.63,1.18,4.21,26.64,64.27,40.44,131.35,5.68,0.21,0.44,0.20,0.33,0.27,0.22,14005399715840.00,2801654559131,0.00,1.99,0.07,1.59,-217.08,1.50,180363154903500.00,2089955445.00,16.53,5.76,3.07,19.00,1232.52,14991.71,13.65,VNM,2026-02-10,VCI,VNM
VNM,2020,4,0.23,0.44,0.41,1.61,1.28,4.15,23.40,56.80,39.09,119.30,6.43,0.15,0.46,0.15,0.35,0.30,0.24,14471841931010.00,2146668982454,0.03,2.09,0.15,1.74,-83.02,1.44,195410834107500.00,2089955445.00,17.61,6.24,3.28,19.20,1045.56,14975.05,13.96,VNM,2026-02-10,VCI,VNM
VNM,2020,3,0.21,0.59,0.44,1.52,1.25,4.12,24.91,62.38,40.70,127.98,5.85,0.23,0.47,0.20,0.35,0.33,0.23,14780020326210.00,3523460016325,0.03,1.74,0.13,1.45,-92.10,1.59,214815541568800.00,2089645346.00,19.33,7.32,3.61,18.20,1472.57,14044.01,14.98,VNM,2026-02-10,VCI,VNM
VNM,2020,2,0.20,0.53,0.44,1.55,1.29,4.07,24.96,63.09,42.46,130.51,5.79,0.22,0.46,0.20,0.35,0.32,0.24,14312539775796.00,3380520833178,0.02,1.80,0.13,1.46,-89.81,1.53,225681697368000.00,2089645346.00,21.04,7.49,3.88,19.63,1469.97,14421.38,16.22,VNM,2026-02-10,VCI,VNM
VNM,2020,1,0.20,0.43,0.45,1.54,1.34,4.08,25.19,64.24,44.72,134.15,5.68,0.23,0.47,0.20,0.36,0.32,0.25,14219646294257.00,3212325477301,0.00,1.99,0.10,1.56,-76.37,1.43,191377408570600.00,1741377694.00,18.13,6.38,3.34,16.09,1587.77,17233.76,13.96,VNM,2026-02-10,VCI,VNM
VNM,2019,4,0.19,0.50,0.50,1.42,1.37,3.99,22.43,64.63,46.88,133.94,5.65,0.18,0.47,0.15,0.38,0.35,0.26,14130532456354.00,2497332306345,0.03,1.71,0.18,1.37,-69.68,1.50,172396391706000.00,1741377694.00,16.30,6.27,3.06,15.11,1264.24,15794.42,12.47,VNM,2026-02-10,VCI,VNM
VNM,2019,3,0.16,0.44,0.48,1.33,1.41,4.15,26.98,67.50,45.16,139.63,5.41,0.22,0.47,0.19,0.38,0.38,0.27,14037460972339.00,3113069195574,0.03,1.86,0.12,1.44,-112.00,1.44,203044639120400.00,1741377694.00,19.01,7.45,3.69,18.79,1544.86,15654.32,14.74,VNM,2026-02-10,VCI,VNM
VNM,2019,2,0.13,0.39,0.46,1.38,1.46,4.25,27.21,66.12,43.39,136.72,5.52,0.23,0.48,0.20,0.38,0.37,0.28,13636366204931.00,3365734336011,0.01,2.04,0.20,1.53,-132.74,1.39,233518748765400.00,1741377694.00,22.14,8.24,4.28,24.33,1664.62,16274.24,17.30,VNM,2026-02-10,VCI,VNM
VNM,2019,1,0.09,0.32,0.45,1.38,1.47,4.36,27.10,64.83,44.94,136.87,5.63,0.24,0.47,0.21,0.38,0.37,0.28,13204320057388.00,3206323842890,0.00,2.50,0.19,1.89,-161.65,1.32,215060214122000.00,1741378252.00,20.85,7.59,4.01,24.15,1602.60,16271.29,16.42,VNM,2026-02-10,VCI,VNM
VNM,2018,4,0.06,0.42,0.51,1.26,1.46,4.38,24.62,62.55,51.95,139.12,5.84,0.19,0.47,0.18,0.41,0.41,0.28,12838801713219.00,2471372549064,0.02,1.93,0.18,1.41,-182.28,1.42,226034739579000.00,1741407855.00,22.10,8.77,4.30,27.77,1320.47,14804.77,17.69,VNM,2026-02-10,VCI,VNM
VNM,2018,3,0.06,0.31,0.45,1.24,1.48,4.73,27.94,57.89,47.20,133.03,6.31,0.20,0.47,0.19,0.38,0.39,0.28,12168546167123.00,2795981689728,0.02,2.49,0.15,1.90,-233.35,1.31,235960764352500.00,1741407855.00,24.40,9.27,4.55,36.04,1470.15,14619.70,19.48,VNM,2026-02-10,VCI,VNM
VNM,2018,2,0.00,0.00,0.42,1.27,0.00,0.00,0.00,0.00,0.00,0.00,0.00,0.22,0.47,0.19,0.00,0.00,0.00,0.00,3016871982497,0.02,0.00,0.00,0.00,-174.67,1.36,204269342056800.00,1741426616.00,20.83,7.84,3.97,29.93,1531.13,14956.16,16.66,VNM,2026-02-10,VCI,VNM
VNM,2018,1,0.08,0.34,0.40,1.26,1.53,5.44,26.04,54.66,47.50,128.19,6.68,0.24,0.45,0.22,0.41,0.39,0.30,12450184651001.00,2927943109579,0.00,2.37,0.12,1.85,-342.23,1.34,244535077206500.00,1451246749.00,24.30,9.48,4.78,33.97,1861.37,17783.15,19.74,VNM,2026-02-10,VCI,VNM
VNM,2017,4,0.03,0.45,0.44,1.14,1.59,5.39,20.97,58.41,44.44,123.82,6.25,0.15,0.45,0.14,0.44,0.47,0.32,12729875129644.00,1875637952045,0.02,1.99,0.14,1.60,-373.99,1.45,268483768590000.00,1451263614.00,26.08,11.49,5.26,27.97,1202.13,16104.73,21.08,VNM,2026-02-10,VCI,VNM
VNM,2017,3,0.03,0.31,0.34,1.15,1.63,6.12,20.88,56.45,39.81,117.14,6.47,0.23,0.47,0.20,0.43,0.47,0.33,12790242044205.00,3024347783085,0.02,2.66,0.16,2.15,-431.66,1.31,296783409063000.00,1451263614.00,28.59,12.36,5.88,28.57,1856.25,16542.46,23.19,VNM,2026-02-10,VCI,VNM
VNM,2017,2,0.03,0.29,0.33,1.18,1.65,6.02,19.87,57.11,33.83,110.81,6.39,0.24,0.49,0.22,0.44,0.45,0.34,12656978163044.00,3248418896063,0.01,3.08,0.15,2.46,-807.33,1.29,220453187119900.00,1451304721.00,21.54,8.99,4.46,20.88,2013.42,16894.17,17.41,VNM,2026-02-10,VCI,VNM
VNM,2017,1,0.03,0.24,0.33,1.20,1.65,5.89,19.61,57.26,28.05,104.92,6.37,0.27,0.48,0.24,0.44,0.45,0.34,12572138417600.00,3281600344551,0.00,3.65,0.48,2.94,-245.01,1.24,222053978682000.00,1451333194.00,21.89,8.96,4.58,21.09,2022.33,17073.93,17.53,VNM,2026-02-10,VCI,VNM
VNM,2016,4,0.09,0.31,0.37,1.07,1.65,5.66,17.14,62.42,35.48,115.04,5.85,0.17,0.46,0.15,0.43,0.00,0.33,11714538490980.00,1991402173914,0.04,2.89,0.17,2.19,-101.74,1.31,214800596832000.00,1451355384.00,22.97,9.69,4.59,25.60,1260.18,15273.36,18.42,VNM,2026-02-10,VCI,VNM
VNM,2016,3,0.10,0.33,0.39,0.99,1.62,5.62,21.12,55.00,23.37,99.49,6.64,0.24,0.42,0.21,0.43,0.00,0.33,11806901949027.00,2904926009181,0.03,2.72,0.19,2.10,-293.22,1.33,194345985453100.00,1451426329.00,20.53,9.47,4.22,23.74,1756.05,14138.16,16.54,VNM,2026-02-10,VCI,VNM
VNM,2016,2,0.00,0.00,0.36,1.10,0.00,0.00,0.00,0.00,0.00,0.00,0.00,0.26,0.43,0.23,0.00,0.00,0.00,0.00,3181681370024,0.03,0.00,0.00,0.00,-365.53,1.30,206106026238000.00,1451450889.00,22.79,7.51,4.64,25.53,1939.71,18917.93,18.05,VNM,2026-02-10,VCI,VNM
VNM,2016,1,0.09,0.27,0.36,1.09,1.55,5.27,21.23,56.01,27.14,104.38,6.52,0.24,0.49,0.21,0.40,0.00,0.31,10581191892140.00,2445691929927,0.00,3.13,0.30,2.43,-294.17,1.27,186021606690000.00,1200139398.00,22.22,8.22,4.38,25.19,1797.45,18855.22,16.60,VNM,2026-02-10,VCI,VNM
VNM,2015,4,0.00,0.00,0.39,1.00,0.00,0.00,0.00,0.00,0.00,0.00,0.00,0.19,0.40,0.17,0.00,0.00,0.00,0.00,2106971188018,0.03,0.00,0.00,0.00,-246.75,1.31,166819376322000.00,1200139398.00,21.47,8.07,4.16,21.79,1579.88,17234.29,15.94,VNM,2026-02-10,VCI,VNM
VNM,2015,3,0.00,0.00,0.41,0.92,0.00,0.00,0.00,0.00,0.00,0.00,0.00,0.23,0.41,0.20,0.00,0.00,0.00,0.00,2463619257387,0.03,0.00,0.00,0.00,-314.90,1.35,145216867158000.00,1200139398.00,19.09,7.65,3.71,19.08,1779.22,15815.08,14.04,VNM,2026-02-10,VCI,VNM
VNM,2015,2,0.00,0.00,0.38,1.02,0.00,0.00,0.00,0.00,0.00,0.00,0.00,0.23,0.42,0.21,0.00,0.00,0.00,0.00,2444979498425,0.04,0.00,0.00,0.00,-360.42,1.28,136815891372000.00,1200139398.00,19.98,5.42,3.67,22.14,1820.76,21045.44,14.30,VNM,2026-02-10,VCI,VNM
VNM,2015,1,0.00,0.00,0.38,1.02,0.00,0.00,0.00,0.00,0.00,0.00,0.00,0.20,0.36,0.18,0.00,0.00,0.00,0.00,1756615800232,0.03,0.00,0.00,0.00,-216.03,1.27,119014113876000.00,1000118604.00,19.08,5.65,3.30,21.02,1556.67,21069.21,13.46,VNM,2026-02-10,VCI,VNM
VNM,2014,4,0.10,0.30,0.45,0.94,1.44,3.93,20.26,55.24,31.13,106.63,6.61,0.20,0.38,0.19,0.33,0.00,0.25,8685680600715.00,1894518012992,0.02,2.85,1.68,2.18,-208.74,1.31,105012453420000.00,1000118604.00,17.30,5.34,3.00,19.71,1729.53,19667.67,12.10,VNM,2026-02-10,VCI,VNM
VNM,2014,3,0.11,0.31,0.49,0.87,1.44,3.82,19.39,60.57,32.56,112.53,6.03,0.18,0.35,0.16,0.32,16.69,0.25,8629242850901.00,1546015927763,0.02,2.49,1.33,1.80,-208.25,1.32,100011860400000.00,1000118604.00,17.22,5.52,2.96,87.28,1376.09,18120.17,11.70,VNM,2026-02-10,VCI,VNM
VNM,2014,2,0.04,0.28,0.48,0.89,1.46,3.80,19.62,61.06,33.86,114.54,5.98,0.20,0.34,0.17,0.34,18.02,0.27,8918612357230.00,1803640258730,0.02,2.98,1.57,2.06,-145.33,1.28,108012809232000.00,1000118604.00,17.64,5.82,3.26,60.54,1575.25,18549.83,12.02,VNM,2026-02-10,VCI,VNM
VNM,2014,1,0.03,0.23,0.47,0.90,1.45,3.71,19.77,62.66,34.29,116.72,5.83,0.20,0.33,0.18,0.36,17.94,0.29,9059668264159.00,1572795218099,0.00,3.35,1.76,2.41,-147.39,1.24,107512962909000.00,833433821.00,16.82,5.72,3.37,125.89,1664.66,22552.96,11.78,VNM,2026-02-10,VCI,VNM
VNM,2013,4,0.03,0.30,0.51,0.84,1.45,3.65,18.66,61.90,38.93,119.49,5.90,0.19,0.33,0.18,0.40,0.00,0.31,8796793806917.00,1553871666234,0.02,2.63,1.42,1.98,0.00,1.30,117515083851000.00,833440311.00,17.99,6.70,3.80,18.80,1763.83,21051.88,13.09,VNM,2026-02-10,VCI,VNM
VNM,2013,3,0.00,0.22,0.50,0.81,1.45,3.62,17.35,69.84,38.44,125.63,5.23,0.24,0.37,0.21,0.41,18.46,0.33,8636293729660.00,1907747567937,0.02,3.14,1.54,2.26,0.00,1.22,115018454418000.00,833467061.00,17.14,6.81,3.86,55.15,2028.24,20262.30,13.12,VNM,2026-02-10,VCI,VNM
VNM,2013,2,0.00,0.24,0.49,0.81,1.45,3.54,16.56,74.44,38.86,129.85,4.90,0.26,0.39,0.23,0.40,18.73,0.33,8162433409122.00,2084036298819,0.01,3.01,1.41,2.04,0.00,1.24,116686603740000.00,833475741.00,18.18,6.86,4.11,74.44,2210.95,20422.51,14.20,VNM,2026-02-10,VCI,VNM
VNM,2013,1,0.00,0.22,0.48,0.81,1.45,3.55,17.49,78.21,41.59,137.30,4.67,0.26,0.37,0.23,0.40,18.33,0.32,7747938308995.00,1749465778926,0.00,3.25,1.56,2.22,0.00,1.22,114193017612000.00,833525676.00,18.78,6.77,4.17,167.51,1836.58,20230.57,14.53,VNM,2026-02-10,VCI,VNM
FPT,2025,4,0.53,1.01,0.40,2.57,0.88,4.36,60.57,17.50,34.10,112.17,20.85,0.15,0.35,0.12,0.28,0.17,0.12,13883301950079.00,3116578707611,0.01,1.40,0.25,1.35,-15.05,2.01,168647204979000.00,1703507121.00,17.96,4.62,2.41,16.52,1469.15,21416.77,13.36,FPT,2026-02-10,VCI,FPT
FPT,2025,3,0.52,0.93,0.40,2.51,0.87,4.21,59.52,18.39,29.58,107.49,19.85,0.17,0.38,0.14,0.27,0.17,0.12,13663353950005.00,2955006913528,0.01,1.48,0.27,1.42,-12.65,1.93,170010010675800.00,1703507121.00,18.90,4.75,2.52,14.83,1429.31,21008.50,13.67,FPT,2026-02-10,VCI,FPT
FPT,2025,2,0.65,1.04,0.42,2.34,0.90,4.30,59.78,18.94,30.49,109.22,19.27,0.14,0.36,0.14,0.28,0.17,0.12,13405570483865.00,2317066834508,0.00,1.40,0.27,1.34,-10.69,2.04,157404057980400.00,1703507121.00,18.14,4.73,2.38,15.15,1325.19,19548.20,13.20,FPT,2026-02-10,VCI,FPT
FPT,2025,1,0.54,0.95,0.41,2.22,0.93,4.40,59.84,19.11,31.63,110.58,19.10,0.16,0.39,0.14,0.28,0.19,0.12,13347374679962.00,2595124918148,0.00,1.36,0.20,1.30,-17.03,1.95,188277058506200.00,1481330122.00,22.65,5.85,2.90,18.93,1467.80,21719.61,15.48,FPT,2026-02-10,VCI,FPT
FPT,2024,4,0.43,1.02,0.41,2.10,0.95,4.42,56.90,17.32,32.76,106.97,21.08,0.17,0.36,0.12,0.29,0.21,0.12,13043646259024.00,3052680751061,0.01,1.31,0.27,1.25,-22.64,2.02,170644025228000.00,1471069183.00,21.60,5.73,2.72,14.50,1423.95,20251.58,14.03,FPT,2026-02-10,VCI,FPT
FPT,2024,3,0.43,0.91,0.41,2.08,0.94,4.28,60.21,19.58,29.84,109.64,18.64,0.18,0.39,0.13,0.27,0.20,0.12,12360099630987.00,2787134855818,0.01,1.38,0.26,1.31,-21.63,1.91,213452138453300.00,1471069183.00,28.35,7.16,3.56,20.65,1419.96,20254.83,18.27,FPT,2026-02-10,VCI,FPT
FPT,2024,2,0.52,0.99,0.43,1.92,0.93,4.21,59.49,19.63,29.77,108.90,18.59,0.15,0.37,0.12,0.28,0.19,0.11,11774915228161.00,2350486898150,0.00,1.30,0.22,1.24,-15.66,1.99,200957653881600.00,1460448066.00,28.14,7.31,3.48,18.69,1283.96,18818.60,18.33,FPT,2026-02-10,VCI,FPT
FPT,2024,1,0.54,0.95,0.44,1.86,0.90,4.16,58.71,21.08,29.79,109.57,17.32,0.16,0.39,0.13,0.27,0.18,0.11,11256374502773.00,2318045278330,0.00,1.30,0.22,1.23,-16.82,1.95,195407951230800.00,1460448066.00,28.83,7.28,3.55,18.98,1231.15,18372.18,18.70,FPT,2026-02-10,VCI,FPT
FPT,2023,4,0.48,1.01,0.46,1.76,0.94,4.10,59.13,21.73,32.84,113.70,16.80,0.16,0.38,0.12,0.28,0.19,0.12,10738142058051.00,2335762903222,0.01,1.24,0.28,1.18,-11.30,2.01,146681405062500.00,1269968875.00,22.64,5.87,2.79,15.38,1360.98,19663.01,15.22,FPT,2026-02-10,VCI,FPT
FPT,2023,3,0.68,1.19,0.47,1.67,0.91,4.12,58.83,24.80,32.55,116.18,14.72,0.17,0.40,0.13,0.27,0.17,0.11,10190190787133.00,2288690162217,0.01,1.20,0.22,1.14,-8.62,2.19,120266052462500.00,1269968875.00,19.67,5.09,2.36,15.89,1369.59,18607.81,13.44,FPT,2026-02-10,VCI,FPT
FPT,2023,2,0.69,1.12,0.43,1.68,0.89,4.06,58.56,27.27,34.55,120.38,13.38,0.15,0.37,0.12,0.27,0.16,0.11,9565749710738.00,1919969014996,0.01,1.24,0.20,1.17,-9.04,2.12,122424999550000.00,1269968875.00,20.98,5.07,2.53,18.30,1188.39,19014.57,14.65,FPT,2026-02-10,VCI,FPT
FPT,2023,1,0.47,0.88,0.44,1.59,0.86,3.99,58.46,29.25,36.01,123.72,12.48,0.16,0.39,0.13,0.27,0.18,0.10,9132115477728.00,1873515001905,0.00,1.28,0.14,1.19,-12.66,1.88,95629596784500.00,1269981365.00,17.14,4.22,2.08,17.53,1176.05,17842.09,11.95,FPT,2026-02-10,VCI,FPT
FPT,2022,4,0.55,1.04,0.47,1.49,0.84,3.92,58.89,25.46,41.30,125.66,14.34,0.15,0.40,0.10,0.23,0.18,0.10,8627621794997.00,1998115841063,0.01,1.26,0.26,1.18,-12.76,2.04,87323315131200.00,1097026572.00,16.41,4.15,1.98,17.24,1232.06,19185.01,12.30,FPT,2026-02-10,VCI,FPT
FPT,2022,3,0.85,1.29,0.47,1.41,0.76,3.88,57.69,29.34,38.21,125.24,12.44,0.16,0.39,0.13,0.23,0.15,0.10,8015842349776.00,1766664487168,0.01,1.23,0.13,1.15,-10.61,2.29,87762125760000.00,1097026572.00,16.67,4.41,2.11,14.70,1325.14,18135.65,13.29,FPT,2026-02-10,VCI,FPT
FPT,2022,2,1.03,1.40,0.45,1.37,0.73,3.92,58.31,30.10,37.69,126.09,12.13,0.16,0.38,0.12,0.22,0.13,0.09,7582533147723.00,1580705075815,0.01,1.22,0.17,1.15,-8.94,2.40,80082939756000.00,1097026572.00,16.20,4.09,2.04,16.88,1140.19,17829.49,13.26,FPT,2026-02-10,VCI,FPT
FPT,2022,1,1.09,1.42,0.46,1.35,0.74,4.01,58.31,30.17,41.01,129.49,12.10,0.15,0.41,0.13,0.22,0.13,0.09,7435707396381.00,1415656560415,0.00,1.22,0.16,1.15,-9.71,2.42,90504692190000.00,1097026572.00,19.30,4.70,2.39,18.81,1129.31,17547.63,15.08,FPT,2026-02-10,VCI,FPT
FPT,2021,4,1.05,1.51,0.49,1.26,0.75,3.81,60.27,25.09,47.15,132.52,14.55,0.14,0.38,0.12,0.22,0.13,0.09,7058943201555.00,1461554245850,0.01,1.18,0.18,1.13,-10.59,2.51,104368439635000.00,907551649.00,24.03,5.82,2.93,17.85,1434.10,19768.51,17.00,FPT,2026-02-10,VCI,FPT
FPT,2021,3,0.96,1.37,0.42,1.19,0.74,4.02,60.32,32.03,45.16,137.51,11.40,0.16,0.37,0.13,0.20,0.14,0.09,6782810176201.00,1375789781096,0.01,1.18,0.21,1.11,-11.45,2.37,79955300276900.00,907551649.00,19.86,4.71,2.38,15.01,1239.42,18713.57,14.10,FPT,2026-02-10,VCI,FPT
FPT,2021,2,0.95,1.34,0.41,1.18,0.76,4.03,60.58,30.27,47.61,138.46,12.06,0.17,0.40,0.12,0.20,0.14,0.09,6558900120558.00,1495106107041,0.01,1.19,0.20,1.11,-12.01,2.34,90202445736200.00,907469273.00,23.52,5.37,2.78,15.85,1102.00,18498.56,16.11,FPT,2026-02-10,VCI,FPT
FPT,2021,1,0.92,1.25,0.42,1.16,0.77,3.93,62.29,28.87,45.80,136.96,12.64,0.14,0.38,0.12,0.20,0.13,0.09,6148557111296.00,1080648442446,0.00,1.21,0.22,1.14,-10.83,2.25,78133104405300.00,907469273.00,21.05,4.68,2.54,13.00,998.54,18391.79,15.05,FPT,2026-02-10,VCI,FPT
FPT,2020,4,0.72,1.24,0.45,1.09,0.79,3.77,69.61,27.91,55.37,152.88,13.08,0.15,0.40,0.11,0.20,0.15,0.09,6095337155480.00,1257216994600,0.01,1.15,0.21,1.09,-12.76,2.24,65496534874000.00,789114878.00,18.39,4.15,2.20,10.26,1245.50,20019.48,12.36,FPT,2026-02-10,VCI,FPT
FPT,2020,3,0.65,1.08,0.40,1.07,0.83,3.98,66.58,27.51,45.20,139.29,13.27,0.16,0.40,0.12,0.19,0.15,0.09,5828684472903.00,1192335661697,0.01,1.21,0.23,1.14,-13.90,2.08,52521642370000.00,783905110.00,15.83,3.49,1.79,8.49,1184.95,19215.08,10.70,FPT,2026-02-10,VCI,FPT
FPT,2020,2,0.62,1.01,0.41,1.05,0.85,3.93,69.01,28.47,45.51,143.00,12.82,0.16,0.39,0.13,0.19,0.15,0.10,5803294105067.00,1102583854426,0.02,1.23,0.25,1.16,-10.88,2.01,41390189808000.00,783905110.00,12.34,2.77,1.44,7.90,1120.94,19083.02,8.82,FPT,2026-02-10,VCI,FPT
FPT,2020,1,0.61,0.95,0.42,1.03,0.88,3.97,70.63,29.55,45.92,146.10,12.35,0.16,0.40,0.11,0.20,0.16,0.10,5745180368768.00,1050118527016,0.00,1.24,0.25,1.16,-10.54,1.95,34922972650500.00,783905110.00,10.68,2.37,1.22,8.59,953.06,18803.61,7.63,FPT,2026-02-10,VCI,FPT
FPT,2019,4,0.49,0.99,0.44,0.99,0.88,3.96,74.89,29.53,55.29,159.71,12.36,0.13,0.38,0.09,0.20,0.17,0.10,5501450664844.00,1034714399471,0.02,1.18,0.21,1.10,-8.57,1.99,34560572771400.00,681668102.00,10.97,2.47,1.25,8.82,1110.85,20485.34,7.75,FPT,2026-02-10,VCI,FPT
FPT,2019,3,0.56,0.99,0.44,0.95,0.88,3.89,73.83,33.50,46.90,154.23,10.89,0.17,0.39,0.14,0.20,0.16,0.10,5223017664979.00,1192617437145,0.02,1.20,0.21,1.10,-11.87,1.99,38322611628000.00,678276312.00,12.08,2.82,1.44,12.00,1415.51,20021.08,8.89,FPT,2026-02-10,VCI,FPT
FPT,2019,2,0.50,0.92,0.44,0.93,0.87,3.96,75.45,35.07,47.84,158.37,10.41,0.16,0.38,0.12,0.19,0.16,0.10,4881708506520.00,1080393236621,0.02,1.26,0.22,1.16,-14.92,1.92,39204370833600.00,678276312.00,13.34,2.94,1.54,12.36,1167.23,19627.78,9.46,FPT,2026-02-10,VCI,FPT
FPT,2019,1,0.47,0.85,0.43,0.91,0.86,3.98,75.25,35.05,47.33,157.63,10.41,0.14,0.40,0.11,0.19,0.15,0.10,4473307925781.00,810155486857,0.00,1.33,0.21,1.22,-11.14,1.85,32421607713600.00,678276312.00,11.83,2.48,1.34,9.59,923.38,19297.37,8.75,FPT,2026-02-10,VCI,FPT
FPT,2018,4,0.50,1.01,0.44,0.87,0.85,3.95,84.60,30.55,60.32,175.47,11.95,0.12,0.37,0.11,0.19,0.14,0.10,4286449299991.00,848018283943,0.02,1.27,0.27,1.18,-11.34,2.01,30553600081800.00,616621596.00,11.60,2.44,1.32,8.47,1275.43,20277.90,8.37,FPT,2026-02-10,VCI,FPT
FPT,2018,3,0.52,0.98,0.40,0.83,1.10,5.36,59.47,23.18,34.32,116.97,15.74,0.15,0.38,0.12,0.24,0.15,0.12,4313081825014.00,887207848753,0.02,1.31,0.30,1.19,-14.30,1.98,26505549907200.00,613554396.00,8.14,2.23,0.92,9.20,1181.51,19350.32,7.38,FPT,2026-02-10,VCI,FPT
FPT,2018,2,0.00,0.00,0.39,0.82,0.00,0.00,0.00,0.00,0.00,0.00,0.00,0.13,0.37,0.11,0.00,0.00,0.00,0.00,718947306103,0.02,0.00,0.00,0.00,-13.05,1.89,25155730236000.00,613554396.00,8.07,2.14,0.75,8.90,968.59,19169.74,6.54,FPT,2026-02-10,VCI,FPT
FPT,2018,1,0.43,0.80,0.37,0.82,1.41,7.56,49.39,34.82,32.64,116.84,10.48,0.14,0.39,0.11,0.23,0.16,0.11,4242880876661.00,662426439907,0.00,1.51,0.29,1.40,-14.27,1.80,26566905346800.00,613554396.00,8.76,1.92,0.70,9.55,829.61,22498.21,6.83,FPT,2026-02-10,VCI,FPT
FPT,2017,4,0.40,0.89,0.40,0.78,1.56,8.67,43.88,31.22,33.41,108.50,11.69,0.07,0.23,0.11,0.24,0.18,0.11,4206055335364.00,877651420842,0.02,1.45,0.31,1.35,-12.46,1.89,30411397245000.00,533533285.00,10.32,2.65,0.71,15.22,2660.84,21525.10,8.03,FPT,2026-02-10,VCI,FPT
FPT,2017,3,0.71,1.28,0.38,0.77,1.47,9.11,45.02,50.39,34.67,130.08,7.24,0.08,0.22,0.05,0.18,0.15,0.07,4300245202571.00,835256675182,0.02,1.38,0.33,1.10,-9.81,2.28,33976238656000.00,530878729.00,15.64,3.20,0.80,16.47,1097.50,20021.30,8.68,FPT,2026-02-10,VCI,FPT
FPT,2017,2,0.81,1.31,0.39,0.71,1.48,9.09,44.04,52.13,35.17,131.34,7.00,0.08,0.24,0.05,0.18,0.16,0.07,4263480131270.00,794885826968,0.02,1.37,0.31,1.09,-7.94,2.31,26650112195800.00,530878729.00,12.94,2.66,0.64,9.87,963.85,18845.19,7.25,FPT,2026-02-10,VCI,FPT
FPT,2017,1,0.91,1.34,0.37,0.70,1.48,9.00,43.59,54.51,34.41,132.51,6.70,0.07,0.22,0.04,0.18,0.15,0.08,4157293690482.00,654062436569,0.00,1.37,0.27,1.04,-5.79,2.34,25774162292950.00,530878729.00,12.49,2.24,0.64,9.31,777.77,21659.44,7.61,FPT,2026-02-10,VCI,FPT
FPT,2016,4,0.93,1.61,0.40,0.67,1.41,8.90,45.13,58.40,38.58,142.10,6.25,0.08,0.22,0.05,0.18,0.00,0.07,3981961763710.00,1015666362329,0.02,1.26,0.35,1.00,-9.91,2.61,21443209493100.00,461640678.00,10.72,2.24,0.54,4.95,1432.15,20732.63,6.37,FPT,2026-02-10,VCI,FPT
FPT,2016,3,0.85,1.41,0.41,0.64,1.47,8.52,43.87,61.12,34.05,139.05,5.97,0.08,0.23,0.05,0.19,0.00,0.08,3822588657564.00,793250718856,0.02,1.32,0.33,1.01,-7.61,2.41,20532690567600.00,459344308.00,10.29,2.27,0.55,5.90,1018.43,19717.26,6.38,FPT,2026-02-10,VCI,FPT
FPT,2016,2,0.00,0.00,0.41,0.64,0.00,0.00,0.00,0.00,0.00,0.00,0.00,0.08,0.22,0.06,0.00,0.00,0.00,0.00,729231748851,0.02,0.00,0.00,0.00,-6.80,2.32,20027411828800.00,459344308.00,10.44,2.21,0.54,8.35,1123.35,19742.15,6.83,FPT,2026-02-10,VCI,FPT
FPT,2016,1,0.84,1.32,0.41,0.62,1.56,8.45,40.82,60.99,34.44,136.25,5.98,0.06,0.20,0.04,0.18,0.00,0.08,3574675631853.00,510373256560,0.00,1.35,0.26,0.96,-8.00,2.32,18833116628000.00,459344308.00,10.13,1.82,0.47,10.71,752.57,22475.89,6.15,FPT,2026-02-10,VCI,FPT
FPT,2015,4,0.00,0.00,0.43,0.60,0.00,0.00,0.00,0.00,0.00,0.00,0.00,0.08,0.21,0.06,0.00,0.00,0.00,0.00,842868586323,0.02,0.00,0.00,0.00,-8.02,2.55,19412594119800.00,399436093.00,10.01,2.25,0.51,16.71,1658.23,21585.65,6.40,FPT,2026-02-10,VCI,FPT
FPT,2015,3,0.00,0.00,0.48,0.59,0.00,0.00,0.00,0.00,0.00,0.00,0.00,0.07,0.20,0.04,0.00,0.00,0.00,0.00,697570991677,0.02,0.00,0.00,0.00,-12.72,2.37,18640370481600.00,397449264.00,10.81,2.21,0.36,13.52,978.90,21217.62,6.69,FPT,2026-02-10,VCI,FPT
FPT,2015,2,0.00,0.00,0.44,0.58,0.00,0.00,0.00,0.00,0.00,0.00,0.00,0.08,0.19,0.05,0.00,0.00,0.00,0.00,747207263848,0.02,0.00,0.00,0.00,-11.38,2.28,20468637096000.00,397449264.00,11.85,2.41,0.37,17.92,1148.91,21346.30,7.58,FPT,2026-02-10,VCI,FPT
FPT,2015,1,0.00,0.00,0.48,0.49,0.00,0.00,0.00,0.00,0.00,0.00,0.00,0.08,0.20,0.05,0.00,0.00,0.00,0.00,660337502954,0.00,0.00,0.00,0.00,-16.17,2.65,18799350187200.00,397449264.00,11.08,1.94,0.35,17.05,1068.47,24364.62,7.31,FPT,2026-02-10,VCI,FPT
FPT,2014,4,0.89,1.69,0.49,0.46,1.62,9.44,42.84,55.41,36.12,134.37,6.59,0.04,0.12,0.03,0.22,0.00,0.08,3172663135327.00,632214924948,0.02,1.30,0.44,0.95,-6.88,2.86,17057153510400.00,343894224.00,10.45,2.16,0.52,14.82,1310.08,23005.47,6.17,FPT,2026-02-10,VCI,FPT
FPT,2014,3,0.70,1.44,0.44,0.45,2.55,14.33,28.36,33.04,20.55,81.95,11.05,0.04,0.12,0.03,0.22,0.00,0.09,2926429700958.00,570270811896,0.02,1.39,0.45,1.02,-11.59,2.61,16678869864000.00,343894224.00,10.10,2.19,0.36,38.17,1131.45,22183.66,6.09,FPT,2026-02-10,VCI,FPT
FPT,2014,2,0.53,1.17,0.44,0.45,2.62,14.33,28.26,31.37,18.48,78.11,11.64,0.06,0.15,0.04,0.22,0.00,0.09,3074429581827.00,640565150553,0.02,1.48,0.42,1.06,-13.57,2.34,17882499648000.00,343894224.00,11.22,2.36,0.40,22.27,1243.36,22064.39,6.32,FPT,2026-02-10,VCI,FPT
FPT,2014,1,0.61,1.15,0.42,0.44,2.62,14.56,28.31,30.97,17.56,76.85,11.78,0.05,0.12,0.03,0.22,0.00,0.10,3019047567588.00,544391214498,0.00,1.51,0.47,1.09,-15.33,2.30,17160321777600.00,343894224.00,10.65,2.27,0.39,-57.20,1051.25,22024.22,6.14,FPT,2026-02-10,VCI,FPT
FPT,2013,4,0.59,1.29,0.42,0.42,1.70,9.49,46.37,51.50,34.05,131.92,7.09,0.05,0.15,0.04,0.24,0.00,0.10,3091107119426.00,551867578632,0.02,1.42,0.46,1.06,-16.62,2.44,19395916219500.00,275119379.00,12.04,2.69,0.72,13.83,1722.92,26201.95,6.75,FPT,2026-02-10,VCI,FPT
FPT,2013,3,0.54,1.11,0.43,0.41,2.68,14.40,28.25,30.70,17.66,76.61,11.89,0.05,0.11,0.03,0.24,0.00,0.11,3058367629321.00,551562887781,0.03,1.53,0.48,1.14,-16.34,2.28,13755968950000.00,275119379.00,8.67,1.99,0.34,25.34,1201.62,25094.96,4.94,FPT,2026-02-10,VCI,FPT
FPT,2013,2,0.51,1.06,0.40,0.41,2.59,14.61,27.97,31.90,17.74,77.60,11.44,0.07,0.15,0.05,0.25,0.00,0.11,2980853142208.00,680662144290,0.03,1.57,0.49,1.15,-22.74,2.22,12380372055000.00,275119379.00,7.85,1.77,0.33,49.74,1616.70,25398.88,4.61,FPT,2026-02-10,VCI,FPT
FPT,2013,1,0.44,1.00,0.42,0.38,2.66,15.68,26.02,31.61,15.35,72.98,11.55,0.06,0.14,0.04,0.25,0.00,0.11,3099733991994.00,551979062724,0.00,1.58,0.44,1.10,-15.51,2.15,11857645234900.00,275119379.00,7.55,1.81,0.31,309.14,1302.43,23841.03,4.13,FPT,2026-02-10,VCI,FPT
FPT,2007,2,0.00,0.00,0.19,0.11,0.00,0.00,0.00,0.00,0.00,0.00,0.00,0.05,0.09,0.03,0.00,0.00,0.00,0.00,279540664391,0.00,0.00,0.00,0.00,-25.23,2.01,0.00,0.00,0.00,0.00,0.00,0.00,0.00,0.00,0.00,FPT,2026-02-10,VCI,FPT
FPT,2007,1,0.00,0.00,0.19,0.10,0.00,0.00,0.00,0.00,0.00,0.00,0.00,0.03,0.07,0.03,0.00,0.00,0.00,0.00,165741410239,0.00,0.00,0.00,0.00,-17.25,1.96,0.00,0.00,0.00,0.00,0.00,0.00,0.00,0.00,0.00,FPT,2026-02-10,VCI,FPT
VIC,2025,4,3.68,6.40,1.28,1.96,0.34,1.76,37.19,224.78,68.13,330.11,1.62,0.12,0.23,0.04,0.09,0.01,0.01,37933399000000.00,18926299000000,,1.12,0.12,0.77,-2.30,7.40,1019507904475200.00,7706031024.00,76.08,6.86,3.06,13.71,878.33,19288.27,33.89,VIC,2026-02-10,VCI,VIC
VIC,2025,3,3.25,5.72,1.14,2.09,0.25,1.26,49.45,264.73,80.45,394.62,1.38,-0.44,-0.19,0.02,0.06,-0.03,0.01,12687946000000.00,-17106224000000,,1.06,0.13,0.73,1.89,6.72,1234506170044800.00,7706031024.00,139.64,8.47,5.33,9.55,83.08,18908.57,118.26,VIC,2026-02-10,VCI,VIC
VIC,2025,2,2.74,5.04,1.16,2.05,0.30,1.39,44.16,234.54,74.33,353.02,1.56,-0.11,0.07,-0.02,0.10,0.02,0.02,31552104000000.00,-5138664000000,,1.03,0.15,0.77,0.67,6.04,816453986992800.00,3853015512.00,60.77,5.66,3.20,6.91,-244.20,37465.45,32.80,VIC,2026-02-10,VCI,VIC
VIC,2025,1,2.52,4.23,1.15,2.04,0.32,1.37,42.41,229.52,71.14,343.07,1.59,0.11,0.23,0.08,0.08,0.03,0.01,36311744000000.00,8954529000000,,0.84,0.08,0.59,-1.47,5.23,432073756393000.00,3823661561.00,40.04,2.99,1.72,14.69,1825.15,37771.64,18.19,VIC,2026-02-10,VCI,VIC
VIC,2024,4,2.30,4.44,1.19,1.99,0.25,1.10,57.11,258.47,90.15,405.74,1.41,-0.03,0.15,0.04,0.09,-0.02,0.02,16725716000000.00,-1610575000000,,0.78,0.09,0.56,0.23,5.44,269568140050500.00,3823661561.00,22.97,1.96,1.43,13.12,573.39,35933.31,28.93,VIC,2026-02-10,VCI,VIC
VIC,2024,3,1.99,3.82,1.14,2.12,0.21,0.87,62.89,308.89,92.89,464.67,1.18,0.07,0.21,0.08,0.07,-0.04,0.01,6603302000000.00,4404344000000,,0.90,0.06,0.63,-0.79,4.82,153711194752200.00,3823661561.00,16.31,1.14,1.00,-5.36,1384.78,35261.93,55.73,VIC,2026-02-10,VCI,VIC
VIC,2024,2,2.05,3.45,1.14,2.10,0.21,0.84,70.55,307.33,98.10,475.98,1.19,0.00,0.17,-0.08,0.03,-0.04,0.01,5229184000000.00,51491000000,,0.85,0.07,0.59,-0.01,4.45,161167334796150.00,3823661561.00,45.51,1.24,1.16,-7.46,-922.94,33888.12,74.06,VIC,2026-02-10,VCI,VIC
VIC,2024,1,2.11,3.40,1.11,2.04,0.22,0.92,72.38,285.27,101.05,458.69,1.28,-0.40,-0.09,0.36,0.07,-0.03,0.01,8318407000000.00,-8711786000000,,0.89,0.07,0.64,1.80,4.40,159637870171750.00,3823661561.00,18.10,1.22,1.11,-6.50,2075.10,34095.77,46.51,VIC,2026-02-10,VCI,VIC
VIC,2023,4,2.09,3.50,1.08,1.91,0.26,1.15,62.70,272.67,94.50,429.87,1.34,-0.40,-0.10,-0.01,0.02,-0.01,0.00,15137156000000.00,-10981546000000,,0.86,0.07,0.63,2.04,4.52,185256402630450.00,3823661561.00,86.91,1.63,1.15,-9.37,-41.52,29746.62,25.50,VIC,2026-02-10,VCI,VIC
VIC,2023,3,1.99,3.26,1.01,1.90,0.29,1.28,64.87,260.47,100.98,426.32,1.40,0.10,0.24,-0.01,0.03,0.03,0.01,28241534000000.00,4736018000000,,0.86,0.05,0.62,-0.86,4.26,164417447123000.00,3823661561.00,44.01,1.34,0.94,-15.92,-174.97,32158.34,12.93,VIC,2026-02-10,VCI,VIC
VIC,2023,2,1.93,3.35,1.04,1.78,0.27,1.21,72.88,288.41,105.89,467.18,1.27,0.09,0.23,0.04,0.05,0.02,0.01,25262335000000.00,4478560000000,,0.82,0.06,0.57,-1.40,4.35,177348003586500.00,3813935561.00,33.34,1.57,1.14,-5.58,478.28,29626.56,14.24,VIC,2026-02-10,VCI,VIC
VIC,2023,1,2.15,3.38,0.99,1.76,0.22,1.01,88.08,334.24,110.50,532.82,1.09,-0.03,0.11,0.03,0.06,-0.02,0.01,12648704000000.00,-1359167000000,,0.92,0.06,0.63,0.41,4.38,196036287835400.00,3813935561.00,28.55,1.76,1.60,-24.46,279.56,29172.92,30.23,VIC,2026-02-10,VCI,VIC
VIC,2022,4,2.12,3.26,0.91,1.75,0.20,0.81,87.37,328.04,117.73,533.13,1.11,0.10,0.31,0.04,0.06,-0.04,0.02,10653159000000.00,3951056000000,,0.95,0.10,0.62,-1.34,4.24,201757191176900.00,3813935561.00,23.30,1.83,1.98,-72.26,408.76,28865.93,35.13,VIC,2026-02-10,VCI,VIC
VIC,2022,3,2.06,3.05,0.84,1.77,0.19,0.78,96.31,304.87,195.75,596.92,1.20,0.00,0.20,0.03,0.01,-0.06,0.00,3111894000000.00,87341000000,,0.94,0.09,0.64,-0.03,4.05,209766455855000.00,3813935561.00,256.70,1.89,2.21,19.34,248.24,29041.66,122.85,VIC,2026-02-10,VCI,VIC
VIC,2022,2,2.03,3.01,0.86,1.71,0.21,0.78,89.65,284.09,199.33,573.08,1.28,-0.71,-0.35,0.25,-0.00,-0.05,-0.00,4937247000000.00,-9464037000000,,0.97,0.17,0.67,2.57,4.01,230361707884400.00,3813935561.00,-497.85,2.18,2.40,13.31,889.46,27704.60,75.23,VIC,2026-02-10,VCI,VIC
VIC,2022,1,1.85,2.28,0.94,1.74,0.28,0.95,63.22,228.50,175.77,467.48,1.60,-0.34,0.01,0.13,-0.02,-0.01,-0.01,15631008000000.00,-6119024000000,,1.14,0.10,0.79,4.46,3.28,265068521489500.00,3813935561.00,-111.46,2.59,2.20,116.48,643.37,26834.02,26.97,VIC,2026-02-10,VCI,VIC
VIC,2021,4,1.40,1.68,0.82,2.06,0.30,0.98,52.32,231.34,76.01,359.66,1.58,-0.10,0.24,-0.17,-0.02,0.01,-0.01,18039966000000.00,-3295270000000,,1.10,0.16,0.76,1.29,2.69,297105580201900.00,3813935561.00,-119.86,2.96,2.36,-21.21,-1563.75,26343.92,26.03,VIC,2026-02-10,VCI,VIC
VIC,2021,3,1.41,1.64,0.75,2.12,0.30,1.01,56.91,228.31,72.97,358.20,1.60,0.15,0.39,-0.01,0.03,0.01,0.01,14998498000000.00,4648889000000,,1.22,0.17,0.84,-1.73,2.64,364920098456900.00,3805214791.00,86.35,3.67,2.88,-54.60,-92.33,26130.47,35.83,VIC,2026-02-10,VCI,VIC
VIC,2021,2,1.69,1.90,0.88,1.87,0.31,1.07,54.45,217.92,65.82,338.19,1.67,0.07,0.28,0.04,0.05,-0.00,0.01,11558042000000.00,2641433000000,,1.05,0.16,0.70,-1.01,2.90,354265497042100.00,3805214791.00,58.20,3.97,2.67,30.06,381.02,23450.21,45.36,VIC,2026-02-10,VCI,VIC
VIC,2021,1,1.66,2.00,0.89,1.81,0.28,0.97,55.58,257.08,70.68,383.34,1.42,-0.07,0.14,0.09,0.05,-0.02,0.02,6453924986880.00,-1544035000000,,1.00,0.16,0.62,0.57,3.00,351772781360000.00,3382430590.00,52.82,4.33,2.97,23.77,619.10,24021.52,80.59,VIC,2026-02-10,VCI,VIC
VIC,2020,4,1.64,2.11,0.92,1.76,0.27,0.94,53.96,292.97,70.66,417.58,1.25,-0.12,0.16,0.03,0.04,-0.01,0.01,6719667000000.00,-4197570000000,,0.98,0.21,0.61,1.54,3.13,443098407290000.00,3382430590.00,82.58,5.59,4.01,28.28,326.02,23413.90,88.32,VIC,2026-02-10,VCI,VIC
VIC,2020,3,1.97,2.45,0.97,1.61,0.27,0.97,53.94,327.18,70.04,451.16,1.12,0.05,0.18,0.04,0.07,-0.00,0.02,10109073000000.00,1965760000000,,1.00,0.17,0.60,-0.65,3.45,336213600646000.00,3382430590.00,39.62,4.10,2.98,24.39,455.31,24271.27,48.13,VIC,2026-02-10,VCI,VIC
VIC,2020,2,1.90,2.45,0.97,1.60,0.27,1.03,46.00,368.74,77.10,491.84,0.99,-0.01,0.15,0.09,0.06,0.01,0.02,11824251388903.00,-343514000000,,0.96,0.14,0.54,0.11,3.45,340610760413000.00,3382430590.00,45.60,4.20,3.14,-278.16,604.81,24002.88,41.83,VIC,2026-02-10,VCI,VIC
VIC,2020,1,1.72,2.39,0.93,1.58,0.33,1.30,37.08,306.38,66.34,409.81,1.19,-0.12,0.13,0.03,0.06,0.04,0.02,18650040121892.00,-1894924000000,,1.00,0.10,0.55,0.72,3.39,282432954265000.00,3382430590.00,41.28,3.63,2.27,-69.55,129.62,23006.52,23.69,VIC,2026-02-10,VCI,VIC
VIC,2019,4,1.67,2.35,0.90,1.56,0.38,1.65,34.01,279.63,63.81,377.46,1.31,-0.00,0.23,0.12,0.07,0.04,0.02,18963011000000.00,-74763000000,,1.09,0.15,0.63,0.04,3.39,311183614280000.00,3382430590.00,41.83,4.07,2.39,19.77,1362.16,22592.47,23.20,VIC,2026-02-10,VCI,VIC
VIC,2019,3,1.27,1.85,0.63,1.62,0.40,2.04,28.10,231.27,62.98,322.36,1.58,0.14,0.36,0.02,0.04,0.06,0.01,20047514125137.00,4452317525752,,1.10,0.11,0.59,-2.01,2.85,388641274791000.00,3382430590.00,84.42,5.05,2.97,-73.66,147.12,22740.62,25.81,VIC,2026-02-10,VCI,VIC
VIC,2019,2,1.27,1.68,0.63,1.63,0.41,2.23,28.20,207.04,58.52,293.76,1.76,0.16,0.33,0.03,0.04,0.05,0.02,16229768144642.00,6335864834215,,1.30,0.19,0.91,-4.41,2.68,400173872524400.00,3345935389.00,82.48,4.97,3.26,105.47,407.15,24051.80,31.69,VIC,2026-02-10,VCI,VIC
VIC,2019,1,1.58,2.07,0.50,1.32,0.41,2.55,27.75,217.11,56.21,301.06,1.68,-0.00,0.22,0.05,0.04,0.04,0.01,13495913944327.00,-29597977846,,1.24,0.06,0.79,0.02,3.07,409877085152500.00,3345935389.00,113.90,7.46,3.54,-77.37,310.30,16424.87,40.16,VIC,2026-02-10,VCI,VIC
VIC,2018,4,1.44,1.91,0.48,1.28,0.49,2.87,19.97,219.89,45.19,285.05,1.66,0.06,0.20,0.06,0.05,0.06,0.02,16598493160965.00,2394674000000,,1.24,0.12,0.73,-2.83,2.92,362887333851000.00,3191621230.00,98.61,6.77,2.98,-33.91,758.22,16793.42,27.86,VIC,2026-02-10,VCI,VIC
VIC,2018,3,1.26,1.73,0.44,1.27,0.49,3.00,19.88,209.67,42.00,271.55,1.74,0.06,0.28,0.03,0.05,0.08,0.02,18266391401737.00,1523800737730,,1.17,0.15,0.76,-1.44,2.73,331609445797000.00,3191621230.00,86.21,6.36,2.83,18.94,192.30,16324.91,23.60,VIC,2026-02-10,VCI,VIC
VIC,2018,2,0.00,0.00,0.47,1.12,0.00,0.00,0.00,0.00,0.00,0.00,0.00,0.14,0.25,0.01,0.00,0.00,0.00,0.00,4518962414250,,0.00,0.00,0.00,-4.33,2.86,308310610818000.00,3191621230.00,85.02,7.37,2.66,21.90,54.65,13105.01,18.10,VIC,2026-02-10,VCI,VIC
VIC,2018,1,1.45,2.76,0.62,0.77,0.50,3.15,19.93,249.94,42.62,312.49,1.46,0.11,0.24,0.03,0.08,0.11,0.02,16946200572070.00,3187266226067,,0.78,0.06,0.38,-3.21,3.76,339588498872000.00,3191621230.00,79.33,8.45,3.28,12.08,288.08,12587.56,22.85,VIC,2026-02-10,VCI,VIC
VIC,2017,4,1.53,3.07,0.68,0.68,0.45,2.86,18.21,324.55,42.73,385.50,1.12,0.14,0.28,0.06,0.09,0.11,0.02,15536251153832.00,4638056090859,,0.81,0.07,0.36,-8.37,4.11,332351202204000.00,2637707954.00,74.48,10.49,3.72,19.80,810.87,12008.25,23.92,VIC,2026-02-10,VCI,VIC
VIC,2017,3,1.63,3.12,0.60,0.64,0.42,2.93,20.91,309.52,46.90,377.33,1.18,0.11,0.32,0.02,0.04,0.09,0.01,12405092412961.00,2415049033328,,0.88,0.06,0.42,-2.13,4.12,224205176090000.00,2637707954.00,115.38,8.11,2.77,27.74,149.15,10482.11,21.24,VIC,2026-02-10,VCI,VIC
VIC,2017,2,1.77,3.47,0.67,0.56,0.38,2.68,18.53,331.97,48.58,399.08,1.10,0.14,0.31,0.04,0.04,0.08,0.01,10848258364870.00,2833382187540,,0.83,0.08,0.36,-3.16,4.47,152987061332000.00,2637707954.00,88.68,5.68,2.19,12.17,314.38,10207.55,17.29,VIC,2026-02-10,VCI,VIC
VIC,2017,1,1.92,3.34,0.61,0.56,0.34,2.42,28.99,345.44,54.21,428.64,1.06,0.11,0.34,0.06,0.04,0.06,0.01,8702201297134.00,1633064993401,,0.88,0.13,0.38,-2.19,4.34,113157671226600.00,2637707954.00,66.97,4.31,1.90,27.88,335.82,9947.55,16.57,VIC,2026-02-10,VCI,VIC
VIC,2016,4,1.63,2.99,0.56,0.58,0.35,2.47,18.06,354.08,55.27,427.42,1.03,0.07,0.31,-0.01,0.06,0.00,0.01,8586612117590.00,1656619560000,,0.90,0.10,0.39,-0.93,4.03,107882255318600.00,2637707954.00,44.22,4.01,1.87,23.98,-62.65,10191.54,16.05,VIC,2026-02-10,VCI,VIC
VIC,2016,3,2.03,3.13,0.56,0.54,0.31,2.24,31.29,334.55,56.44,422.28,1.09,0.10,0.32,0.02,0.05,0.00,0.01,8345468270929.00,1057480436844,,1.00,0.12,0.55,-1.77,4.13,112102588045000.00,2637707954.00,58.12,4.30,2.29,7.26,66.46,9884.13,17.64,VIC,2026-02-10,VCI,VIC
VIC,2016,2,0.00,0.00,0.52,0.57,0.00,0.00,0.00,0.00,0.00,0.00,0.00,0.01,0.26,0.08,0.00,0.00,0.00,0.00,98767301140,,0.00,0.00,0.00,-0.12,3.57,113025785828900.00,2637707954.00,55.70,3.50,2.48,5.00,289.98,12259.57,19.19,VIC,2026-02-10,VCI,VIC
VIC,2016,1,1.85,2.63,0.52,0.53,0.32,2.53,19.66,310.83,46.83,377.32,1.17,0.18,0.32,0.05,0.04,0.00,0.01,7955425178039.00,2609632016684,,1.06,0.09,0.67,-3.53,3.63,110891591788000.00,2153234792.00,70.59,3.86,2.62,3.80,361.62,13354.06,17.25,VIC,2026-02-10,VCI,VIC
VIC,2015,4,0.00,0.00,0.53,0.48,0.00,0.00,0.00,0.00,0.00,0.00,0.00,0.14,0.32,0.01,0.00,0.00,0.00,0.00,1971346261607,,0.00,0.00,0.00,-2.35,3.90,101842379677500.00,1939854851.00,80.67,4.24,2.99,3.52,96.60,12383.63,17.33,VIC,2026-02-10,VCI,VIC
VIC,2015,3,0.00,0.00,0.43,0.41,0.00,0.00,0.00,0.00,0.00,0.00,0.00,0.11,0.38,0.04,0.00,0.00,0.00,0.00,822532101381,,0.00,0.00,0.00,-2.28,3.98,85668222913000.00,1882818086.00,63.29,3.78,3.31,3.06,135.50,12023.31,19.00,VIC,2026-02-10,VCI,VIC
VIC,2015,2,2.13,2.60,0.41,0.40,0.28,1.21,16.99,340.86,35.68,393.53,1.07,0.15,0.35,0.05,0.09,0.00,0.02,7117118394600.00,895108885800,,1.24,0.22,0.72,-1.53,3.60,81951343256500.00,1849917455.00,40.90,2.97,3.12,4.77,156.39,14940.51,15.13,VIC,2026-02-10,VCI,VIC
VIC,2015,1,0.00,0.00,1.22,0.27,0.00,0.00,0.00,0.00,0.00,0.00,0.00,0.20,0.36,0.07,0.00,0.00,0.00,0.00,1248806813464,,0.00,0.00,0.00,-2.31,4.61,76840739160900.00,1842703577.00,29.35,2.91,2.75,5.72,232.24,14319.17,13.86,VIC,2026-02-10,VCI,VIC
VIC,2014,4,3.20,3.10,1.33,0.26,0.33,1.63,11.45,375.62,29.43,416.51,0.97,0.19,0.37,0.06,0.18,0.00,0.04,9703907089676.00,1178098667588,,1.42,0.56,0.74,-1.79,4.43,68517731384000.00,1457824072.00,20.54,3.35,2.47,6.56,243.68,14022.19,9.71,VIC,2026-02-10,VCI,VIC
VIC,2014,3,3.35,3.01,1.18,0.24,0.35,1.69,16.13,311.40,24.83,352.36,1.17,0.28,0.37,0.12,0.21,15.29,0.05,9511046813273.00,2154763862366,,1.96,0.67,1.23,-2.69,4.49,68800456135400.00,1454555098.00,17.73,3.73,2.43,653.25,611.38,12668.08,10.02,VIC,2026-02-10,VCI,VIC
VIC,2014,2,3.48,3.43,0.88,0.23,0.39,2.06,12.37,321.46,28.42,362.25,1.14,0.31,0.38,0.11,0.28,15.20,0.06,10102376530310.00,2350181588119,,1.70,0.52,1.10,-3.17,4.80,68381413148100.00,1421651001.00,14.15,3.90,2.35,23.50,604.10,12330.22,9.35,VIC,2026-02-10,VCI,VIC
VIC,2014,1,3.71,3.68,1.01,0.20,0.34,1.74,12.16,430.61,37.31,480.07,0.85,0.30,0.39,0.17,0.47,13.91,0.11,13005714455668.00,1845217690100,,1.70,0.61,0.99,-3.60,5.04,62596828350000.00,894240405.00,8.42,4.03,2.66,405.42,1202.88,17388.61,6.55,VIC,2026-02-10,VCI,VIC
VIC,2013,4,3.58,3.95,0.80,0.23,0.28,1.64,21.19,590.54,46.05,657.77,0.62,0.22,0.32,0.12,0.54,0.00,0.10,11789668539802.00,1515488333257,,1.49,0.49,0.78,-3.16,4.22,60808347540000.00,894240405.00,9.18,4.27,3.36,6.71,919.62,15924.77,6.93,VIC,2026-02-10,VCI,VIC
VIC,2013,3,2.27,2.74,0.69,0.21,0.25,1.23,24.33,788.86,73.75,886.94,0.46,0.35,0.39,0.22,0.47,8.54,0.11,10696952363456.00,2938734456299,,1.11,0.32,0.49,-12.98,3.76,64065307644000.00,908727768.00,10.51,3.91,4.44,9.62,2063.00,18045.63,7.26,VIC,2026-02-10,VCI,VIC
VIC,2013,2,2.47,2.97,0.90,0.19,0.13,0.61,51.51,1562.56,132.40,1746.47,0.23,0.23,0.45,1.77,0.38,7.75,0.08,8121270767571.00,486814389555,,1.22,0.25,0.45,-1.30,4.00,58158577152000.00,908727768.00,12.85,4.06,8.02,162.85,4175.37,15762.77,9.22,VIC,2026-02-10,VCI,VIC
VIC,2013,1,3.72,4.36,1.05,0.14,0.13,0.61,50.58,1428.55,105.92,1585.05,0.26,0.20,0.53,0.29,0.11,7.99,0.02,3802897170621.00,192308913980,,1.06,0.20,0.39,-0.45,5.43,59896809988500.00,928632713.00,53.30,5.52,8.55,-36.82,309.13,11685.38,20.77,VIC,2026-02-10,VCI,VIC
VIC,2008,2,0.00,0.00,0.24,0.02,0.00,0.00,0.00,0.00,0.00,0.00,0.00,0.36,0.75,0.62,0.00,0.00,0.00,0.00,23142176323,,0.00,0.00,0.00,-2.66,2.97,0.00,0.00,0.00,0.00,0.00,0.00,0.00,0.00,0.00,VIC,2026-02-10,VCI,VIC
HPG,2025,4,0.91,0.97,1.02,1.71,0.65,1.55,17.94,137.39,63.44,218.77,2.66,0.12,0.14,0.08,0.13,0.09,0.06,28895883145722.00,5714129019562,0.00,1.10,0.09,0.54,-4.62,1.97,205318711621250.00,7675465855.00,13.29,1.59,1.32,13.08,503.03,16829.98,10.21,HPG,2026-02-10,VCI,HPG
HPG,2025,3,0.98,0.93,0.82,1.66,0.61,1.79,17.65,140.27,54.28,212.20,2.60,0.14,0.17,0.11,0.12,0.08,0.06,25611904933110.00,4932331977851,0.00,1.15,0.11,0.60,-6.07,1.93,209156444548750.00,7675465855.00,14.53,1.67,1.45,17.58,519.62,16342.68,11.67,HPG,2026-02-10,VCI,HPG
HPG,2025,2,0.99,0.98,0.53,1.59,0.63,1.98,16.03,137.62,54.65,208.29,2.65,0.15,0.18,0.12,0.12,0.08,0.06,23971069674678.00,5442064704912,0.00,1.13,0.12,0.56,-12.39,1.98,217599456989250.00,7675465855.00,16.20,1.79,1.53,56.27,554.56,15834.09,12.59,HPG,2026-02-10,VCI,HPG
HPG,2025,1,0.99,0.94,0.73,1.54,0.67,2.00,14.72,126.04,51.98,192.75,2.90,0.12,0.14,0.09,0.11,0.08,0.06,22752951358569.00,4339094411460,0.00,1.15,0.10,0.55,-6.92,1.94,197643245766250.00,7675465855.00,15.82,1.68,1.36,64.13,435.71,15334.70,12.29,HPG,2026-02-10,VCI,HPG
HPG,2024,4,0.96,0.96,0.59,1.49,0.67,1.99,13.61,122.55,53.14,189.29,2.98,0.10,0.13,0.08,0.11,0.07,0.06,21530395750845.00,3617378810991,0.00,1.15,0.09,0.54,-6.43,1.96,165343067670000.00,6396250200.00,13.75,1.45,1.19,25.02,439.11,17878.67,10.95,HPG,2026-02-10,VCI,HPG
HPG,2024,3,0.92,0.89,0.61,1.46,0.69,1.97,16.21,120.31,51.45,187.97,3.03,0.11,0.14,0.09,0.11,0.08,0.06,21671803666842.00,3689466990821,0.00,1.17,0.12,0.59,-7.03,1.89,165343067670000.00,6396250200.00,13.57,1.48,1.19,18.53,472.61,17446.15,10.88,HPG,2026-02-10,VCI,HPG
HPG,2024,2,0.85,0.90,0.64,1.42,0.69,1.87,16.22,119.55,52.11,187.88,3.05,0.10,0.13,0.08,0.11,0.08,0.06,20648884356500.00,4111552943160,0.00,1.15,0.18,0.60,-7.29,1.90,173018567910000.00,6396250200.00,15.49,1.59,1.30,18.62,518.94,16974.63,11.29,HPG,2026-02-10,VCI,HPG
HPG,2024,1,0.89,0.91,0.67,1.38,0.67,1.73,16.30,121.50,51.10,188.89,3.00,0.10,0.13,0.09,0.09,0.07,0.05,18793605149258.00,3196325674676,0.00,1.19,0.16,0.65,-5.03,1.91,182293130700000.00,6396250200.00,19.58,1.73,1.48,16.10,448.79,16497.24,13.17,HPG,2026-02-10,VCI,HPG
HPG,2023,4,0.74,0.83,0.70,1.34,0.66,1.67,13.74,121.11,48.45,183.30,3.01,0.11,0.13,0.09,0.07,0.06,0.04,16443221709448.00,3710717506314,0.00,1.16,0.17,0.67,-5.22,1.83,174152831715000.00,5814785700.00,25.48,1.69,1.46,20.15,511.24,17674.02,13.53,HPG,2026-02-10,VCI,HPG
HPG,2023,3,0.67,0.74,0.73,1.30,0.63,1.56,13.16,121.04,43.62,177.83,3.02,0.10,0.13,0.07,0.02,0.03,0.01,10769267825827.00,2715958703976,0.00,1.22,0.15,0.70,-3.17,1.74,157871431755000.00,5814785700.00,84.39,1.58,1.43,16.62,344.77,17161.96,19.15,HPG,2026-02-10,VCI,HPG
HPG,2023,2,0.71,0.80,0.70,1.27,0.66,1.65,11.97,121.11,43.45,176.53,3.01,0.08,0.11,0.05,-0.02,0.01,-0.01,8139831864337.00,2323559769746,0.00,1.24,0.19,0.77,-2.26,1.80,150021471060000.00,5814785700.00,-78.62,1.53,1.29,11.26,251.09,16816.32,24.26,HPG,2026-02-10,VCI,HPG
HPG,2023,1,0.74,0.82,0.73,1.26,0.67,1.75,11.51,136.88,53.35,201.74,2.67,0.03,0.06,0.01,0.01,0.03,0.00,11514341658713.00,918952248711,0.00,1.26,0.12,0.75,-0.93,1.82,156999213900000.00,5814785700.00,236.43,1.63,1.27,58.11,68.36,16569.30,18.23,HPG,2026-02-10,VCI,HPG
HPG,2022,4,0.72,0.77,0.74,1.25,0.81,2.02,10.24,114.35,51.01,175.59,3.19,-0.08,-0.03,-0.08,0.09,0.08,0.05,19850316769753.00,-1944205854382,0.00,1.29,0.13,0.74,2.08,1.77,120075324705000.00,5814785700.00,14.15,1.25,0.85,9.78,-342.50,16510.91,8.76,HPG,2026-02-10,VCI,HPG
HPG,2022,3,0.80,0.87,0.73,1.28,0.85,2.28,11.01,127.34,59.40,197.75,2.87,0.00,0.03,-0.05,0.18,0.14,0.09,30048051910113.00,71321899736,0.00,1.34,0.16,0.73,-0.09,1.87,116004974715000.00,5814785700.00,6.48,1.18,0.72,5.54,-305.11,16847.27,5.65,HPG,2026-02-10,VCI,HPG
HPG,2022,2,0.84,1.08,0.70,1.30,0.88,2.37,12.85,134.59,68.30,215.74,2.71,0.15,0.17,0.11,0.32,0.20,0.16,40839396195249.00,5683293979952,0.00,1.28,0.22,0.67,-7.92,2.08,113388321150000.00,5814785700.00,3.78,1.14,0.69,6.95,693.44,17161.70,4.00,HPG,2026-02-10,VCI,HPG
HPG,2022,1,0.75,0.88,0.71,1.29,0.93,2.36,12.41,128.66,70.52,211.59,2.84,0.21,0.23,0.19,0.41,0.25,0.20,45678706657840.00,9267765847496,0.00,1.39,0.26,0.83,-15.53,1.88,129669721110000.00,5814785700.00,3.63,1.31,0.80,3.78,1413.11,16993.45,3.74,HPG,2026-02-10,VCI,HPG
HPG,2021,4,0.78,0.96,0.76,1.18,0.97,2.22,10.88,115.55,62.67,189.10,3.16,0.19,0.21,0.17,0.46,0.25,0.22,43746584056502.00,8367170140789,0.00,1.28,0.31,0.71,-13.29,1.96,193677553169800.00,4472922706.00,5.62,2.14,1.29,7.25,1660.53,20260.99,5.52,HPG,2026-02-10,VCI,HPG
HPG,2021,3,0.93,1.07,0.81,1.10,0.86,1.94,14.81,137.59,73.69,226.09,2.65,0.29,0.31,0.27,0.45,0.24,0.21,40973097690697.00,11042191518823,0.00,1.33,0.19,0.69,-16.36,2.07,196808599064000.00,4472922706.00,6.21,2.34,1.51,14.75,2314.31,18810.15,5.97,HPG,2026-02-10,VCI,HPG
HPG,2021,2,0.97,1.16,0.91,0.96,0.85,1.84,14.14,122.69,67.98,204.81,2.98,0.30,0.33,0.28,0.39,0.22,0.18,34262109926758.00,10692229101251,0.00,1.19,0.21,0.61,-17.83,2.16,254062009700800.00,4472922706.00,10.12,3.44,2.18,15.41,2173.39,16499.37,8.63,HPG,2026-02-10,VCI,HPG
HPG,2021,1,1.11,1.10,1.02,0.86,0.82,1.76,15.10,111.45,62.23,188.78,3.27,0.24,0.26,0.22,0.31,0.18,0.14,26492207628288.00,7562489000222,0.00,1.24,0.27,0.70,-12.17,2.10,201057875634700.00,4472922706.00,11.09,3.04,1.97,20.34,1559.95,14765.18,9.16,HPG,2026-02-10,VCI,HPG
HPG,2020,4,1.21,1.22,1.11,0.77,0.77,1.86,13.47,117.51,71.02,202.00,3.11,0.22,0.24,0.18,0.25,0.15,0.12,21898737562815.00,5769851557160,0.00,1.09,0.26,0.59,-8.72,2.22,182561874510900.00,3313282659.00,13.57,3.09,2.03,15.76,1399.78,17828.55,10.15,HPG,2026-02-10,VCI,HPG
HPG,2020,3,1.21,1.14,0.95,0.72,0.75,1.87,15.36,110.67,72.52,198.55,3.30,0.19,0.21,0.15,0.21,0.14,0.10,18025635069060.00,4707306083062,0.00,1.20,0.16,0.62,-8.70,2.14,129715016099850.00,3313282659.00,12.10,2.37,1.58,8.25,1138.66,16538.85,9.40,HPG,2026-02-10,VCI,HPG
HPG,2020,2,1.20,1.14,0.88,0.69,0.69,2.10,15.39,120.71,75.81,211.91,3.02,0.16,0.18,0.13,0.18,0.12,0.08,15113852600073.00,3290947994368,0.00,1.16,0.22,0.54,-6.29,2.14,102380434163100.00,3313282659.00,11.77,1.95,1.41,10.50,827.83,15816.55,9.11,HPG,2026-02-10,VCI,HPG
HPG,2020,1,1.23,1.14,0.92,0.65,0.68,2.56,15.53,120.73,76.83,213.10,3.02,0.17,0.20,0.12,0.17,0.12,0.08,13935311698969.00,3351974905826,0.00,1.15,0.21,0.49,-6.97,2.14,77862290043000.00,2761074115.00,9.74,1.56,1.15,11.23,827.68,18065.72,8.13,HPG,2026-02-10,VCI,HPG
HPG,2019,4,1.18,1.13,0.65,0.62,0.71,2.89,14.28,117.10,85.26,216.64,3.12,0.14,0.16,0.11,0.17,0.12,0.08,12336265404756.00,2459870445038,0.00,1.13,0.17,0.41,-9.10,2.13,61019737941500.00,2761074115.00,8.11,1.28,0.96,7.91,694.30,17248.15,7.73,HPG,2026-02-10,VCI,HPG
HPG,2019,3,1.28,1.12,0.33,0.60,0.68,4.30,14.79,113.85,83.54,212.18,3.21,0.15,0.18,0.12,0.17,0.11,0.08,11855341499903.00,2324979628045,0.00,1.24,0.16,0.47,-8.74,2.12,69855175109500.00,2761074115.00,9.50,1.52,1.16,21.10,635.53,16612.00,8.79,HPG,2026-02-10,VCI,HPG
HPG,2019,2,1.23,1.10,0.31,0.58,0.73,4.40,15.46,109.42,83.54,208.41,3.34,0.17,0.19,0.13,0.19,0.13,0.10,12498509200416.00,2651507902805,0.00,1.31,0.26,0.62,-12.31,2.10,60191415707000.00,2761074115.00,7.52,1.36,1.02,7.56,737.10,15976.48,7.10,HPG,2026-02-10,VCI,HPG
HPG,2019,1,1.16,1.01,0.33,0.55,0.78,4.36,15.12,107.56,68.06,190.74,3.39,0.15,0.18,0.12,0.21,0.14,0.11,12460662116072.00,2306677075742,0.00,1.28,0.28,0.70,-12.46,2.01,61019737941500.00,2761074115.00,7.48,1.45,1.06,8.74,652.21,15239.35,6.86,HPG,2026-02-10,VCI,HPG
HPG,2018,4,0.91,0.93,0.31,0.53,0.85,4.30,13.99,107.77,67.05,188.82,3.39,0.15,0.18,0.12,0.23,0.16,0.13,12809592322260.00,2159491091356,0.00,1.12,0.11,0.49,-14.90,1.93,70301327194600.00,2123907166.00,8.20,1.74,1.26,9.20,830.65,19066.74,6.91,HPG,2026-02-10,VCI,HPG
HPG,2018,3,0.80,0.80,0.34,0.51,0.90,4.14,14.75,111.67,38.63,165.05,3.27,0.21,0.23,0.17,0.26,0.18,0.15,13496796176344.00,3022951872378,0.00,1.48,0.19,0.80,-21.34,1.80,61593307814000.00,2123907166.00,6.69,1.58,1.14,8.63,1130.91,18316.78,5.91,HPG,2026-02-10,VCI,HPG
HPG,2018,2,0.00,0.00,0.36,0.48,0.00,0.00,0.00,0.00,0.00,0.00,0.00,0.19,0.20,0.15,0.00,0.00,0.00,0.00,2660408095886,0.00,0.00,0.00,0.00,-19.67,1.69,82195207324200.00,2123907166.00,9.12,2.25,1.56,11.22,1033.75,17185.75,7.20,HPG,2026-02-10,VCI,HPG
HPG,2018,1,0.42,0.58,0.38,0.45,1.00,3.81,13.65,111.06,34.48,159.19,3.29,0.21,0.23,0.17,0.28,0.21,0.17,12150511172900.00,2707143764340,0.00,1.89,0.38,1.24,-22.94,1.58,78690760500300.00,2123907166.00,9.14,1.64,1.61,8.81,1041.13,22613.81,6.95,HPG,2026-02-10,VCI,HPG
HPG,2017,4,0.45,0.64,0.41,0.42,1.07,3.57,14.02,114.45,40.88,169.35,3.19,0.22,0.25,0.19,0.31,0.21,0.19,11626481720481.00,2838543824333,0.00,1.79,0.23,1.15,-21.02,1.64,81607749807400.00,1516872673.00,10.19,2.53,1.77,13.47,1579.36,21282.32,7.78,HPG,2026-02-10,VCI,HPG
HPG,2017,3,0.42,0.60,0.42,0.39,1.10,3.46,13.15,119.60,36.37,169.12,3.05,0.21,0.23,0.17,0.32,0.22,0.19,10996989225208.00,2594088003525,0.00,1.86,0.16,1.19,-19.81,1.60,93287669389500.00,1516872673.00,10.65,3.11,2.15,11.72,1410.11,19795.54,9.29,HPG,2026-02-10,VCI,HPG
HPG,2017,2,0.45,0.73,0.55,0.30,1.13,3.14,13.66,125.04,38.57,177.27,2.92,0.18,0.21,0.14,0.34,0.26,0.20,10224032456117.00,1911671941411,0.00,1.52,0.12,0.82,-14.70,1.73,56125657901000.00,1516909673.00,6.99,2.05,1.44,6.94,1013.78,18063.02,6.28,HPG,2026-02-10,VCI,HPG
HPG,2017,1,0.48,0.73,0.58,0.28,1.15,2.97,12.67,129.62,38.81,181.10,2.82,0.22,0.24,0.19,0.39,0.29,0.24,10635642173709.00,2277521241948,0.00,1.49,0.16,0.76,-27.19,1.73,49224934628100.00,1516947138.00,5.59,1.28,1.35,8.46,1275.07,25269.21,5.31,HPG,2026-02-10,VCI,HPG
HPG,2016,4,0.37,0.67,0.64,0.26,1.13,3.19,15.12,130.92,47.40,193.45,2.79,0.23,0.27,0.20,0.38,0.00,0.22,9530344198771.00,2312199355113,0.00,1.52,0.38,0.66,-36.92,1.67,38493249262650.00,1264146117.00,3.89,1.30,1.16,3.76,1541.90,23425.27,4.24,HPG,2026-02-10,VCI,HPG
HPG,2016,3,0.34,0.58,0.67,0.24,1.14,2.80,13.73,119.83,36.41,169.98,3.05,0.23,0.26,0.20,0.32,0.00,0.19,7920127907595.00,1897415356113,0.00,1.47,0.35,0.62,-27.48,1.58,36407476339200.00,842765656.00,6.98,2.03,1.20,7.20,1904.21,21310.67,4.89,HPG,2026-02-10,VCI,HPG
HPG,2016,2,0.00,0.00,0.68,0.23,0.00,0.00,0.00,0.00,0.00,0.00,0.00,0.30,0.32,0.25,0.00,0.00,0.00,0.00,2402385163096,0.00,0.00,0.00,0.00,-35.68,1.58,34553391896000.00,842765656.00,7.44,1.72,1.19,9.33,2403.73,23805.34,5.17,HPG,2026-02-10,VCI,HPG
HPG,2016,1,0.45,0.65,0.73,0.20,1.17,3.17,15.23,107.76,34.48,157.48,3.39,0.17,0.20,0.14,0.27,0.00,0.16,6186907990716.00,1243925412541,0.00,1.26,0.32,0.61,-15.35,1.65,31659349780800.00,732855319.00,8.21,2.05,1.10,5.40,1394.63,21041.54,5.78,HPG,2026-02-10,VCI,HPG
HPG,2015,4,0.00,0.00,0.57,0.19,0.00,0.00,0.00,0.00,0.00,0.00,0.00,0.11,0.18,0.08,0.00,0.00,0.00,0.00,771754359989,0.01,0.00,0.00,0.00,-10.02,1.76,25650807665000.00,732880219.00,7.36,1.78,0.93,5.65,771.16,19706.35,5.46,HPG,2026-02-10,VCI,HPG
HPG,2015,3,0.00,0.00,0.59,0.18,0.00,0.00,0.00,0.00,0.00,0.00,0.00,0.19,0.23,0.15,0.00,0.00,0.00,0.00,1319349020446,0.00,0.00,0.00,0.00,-20.10,1.75,19787765913000.00,732880219.00,5.81,1.41,0.74,3.94,1408.41,19156.20,4.61,HPG,2026-02-10,VCI,HPG
HPG,2015,2,0.00,0.00,0.64,0.17,0.00,0.00,0.00,0.00,0.00,0.00,0.00,0.20,0.22,0.16,0.00,0.00,0.00,0.00,1502028588188,0.00,0.00,0.00,0.00,-28.96,1.75,22867028152800.00,732917569.00,7.07,1.74,0.89,5.66,1690.66,17885.66,5.32,HPG,2026-02-10,VCI,HPG
HPG,2015,1,0.00,0.00,0.75,0.16,0.00,0.00,0.00,0.00,0.00,0.00,0.00,0.14,0.17,0.11,0.00,0.00,0.00,0.00,804723720808,0.00,0.00,0.00,0.00,-13.93,1.77,25286199505500.00,732933319.00,8.59,1.36,1.02,10.45,885.31,25292.75,6.28,HPG,2026-02-10,VCI,HPG
HPG,2014,4,0.66,0.86,0.77,0.15,1.13,2.78,17.92,140.57,38.06,196.55,2.60,0.11,0.16,0.07,0.30,0.00,0.14,5226155333212.00,714376596130,0.00,1.30,0.28,0.48,-10.29,1.86,21499503300000.00,488625075.00,6.77,1.80,0.84,7.93,969.33,24477.66,5.02,HPG,2026-02-10,VCI,HPG
HPG,2014,3,0.70,0.82,0.77,0.15,1.18,2.80,13.53,131.67,32.31,177.51,2.77,0.19,0.23,0.15,0.30,11.61,0.15,5215208851256.00,1113011162908,0.00,1.36,0.24,0.46,-14.11,1.83,25541133275000.00,481908175.00,8.08,2.23,1.01,-79.94,1778.08,23811.92,5.86,HPG,2026-02-10,VCI,HPG
HPG,2014,2,0.71,0.90,0.85,0.14,1.09,2.62,16.48,141.21,35.68,193.38,2.58,0.18,0.21,0.14,0.28,12.38,0.13,4720788134776.00,1216951390392,0.00,1.25,0.22,0.38,-14.96,1.92,27227811887500.00,481908175.00,9.73,2.56,1.14,23.01,1957.62,22033.84,6.77,HPG,2026-02-10,VCI,HPG
HPG,2014,1,0.85,1.09,0.89,0.13,0.97,2.39,18.68,157.56,38.95,215.19,2.32,0.18,0.21,0.13,0.25,12.60,0.11,4074418998851.00,1168954452136,0.00,1.21,0.28,0.47,-9.67,2.10,27709720062500.00,481908175.00,11.70,2.69,1.29,41.02,1806.06,21393.03,8.04,HPG,2026-02-10,VCI,HPG
HPG,2013,4,0.99,1.42,0.97,0.12,0.90,2.34,23.22,173.90,44.71,241.83,2.10,0.11,0.17,0.08,0.22,10.38,0.09,3485547610569.00,694583580112,0.03,1.11,0.23,0.39,-5.58,2.42,22838363048500.00,419052533.00,11.69,2.40,1.21,7.06,1168.35,22670.97,8.12,HPG,2026-02-10,VCI,HPG
HPG,2013,3,1.01,1.41,0.99,0.12,0.82,2.06,22.79,191.44,43.51,257.74,1.91,0.16,0.16,0.12,0.19,16.06,0.08,2876214775511.00,671694028595,0.00,1.14,0.21,0.37,-8.45,2.47,19276416518000.00,419052533.00,11.76,2.12,1.15,23.71,1183.83,21728.99,8.49,HPG,2026-02-10,VCI,HPG
HPG,2013,2,0.93,1.28,0.95,0.12,0.86,2.24,24.00,181.36,37.16,242.53,2.01,0.16,0.19,0.12,0.16,12.54,0.07,2640200733032.00,706390970473,0.00,1.21,0.17,0.38,-9.09,2.34,15043985934700.00,419052533.00,10.50,1.67,0.91,13.20,1220.84,21544.54,7.57,HPG,2026-02-10,VCI,HPG
HPG,2013,1,0.88,1.12,0.86,0.12,0.91,2.47,25.47,173.18,33.62,232.26,2.11,0.14,0.18,0.12,0.15,10.34,0.07,2541511882180.00,534789869438,0.00,1.55,0.17,0.49,-6.57,2.12,12403954976800.00,419052533.00,9.85,1.37,0.74,16.31,1090.39,21554.96,6.88,HPG,2026-02-10,VCI,HPG
